dt,xrf,sample,ni,fe,alu
2022-01-01,2,S1,0.63,48.36,9.63
2022-01-01,4,S1,0.62,46.95,8.72
2022-01-10,4,S1,0.63,47.86,8.73
2022-01-10,2,S1,0.63,48.72,9.79
2022-01-17,2,S1,0.64,47.67,9.51
2022-01-17,4,S1,0.62,47.8,8.87
2022-01-26,4,S1,0.62,47.53,8.88
2022-01-26,3,S1,0.63,48.15,9.8
2022-01-26,2,S1,0.64,48.02,9.4
2022-01-31,4,S1,0.62,47.93,8.85
2022-01-31,3,S1,0.63,48.36,9.75
2022-01-31,2,S1,0.63,47.8,9.39
2022-02-03,4,S11,1.02,8.76,1.15
2022-02-07,4,S1,0.62,48.7,8.64
2022-02-07,3,S1,0.61,47.93,10.09
2022-02-07,2,S1,0.63,48.54,9.5
2022-02-12,2,S1,0.64,48.53,9.56
2022-02-12,3,S1,0.62,47.94,10
2022-02-12,4,S1,0.62,48.62,8.85
2022-02-14,4,S1,0.62,48.57,8.79
2022-02-14,2,S1,0.63,48.18,9.42
2022-02-14,3,S1,0.63,48.07,9.86
2022-02-15,4,S3,0.99,53.93,4.06
2022-02-16,3,S3,0.98,52.93,3.22
2022-02-16,2,S3,0.98,52.54,3.14
2022-02-21,4,S1,0.62,48.46,8.91
2022-02-21,3,S1,0.63,48.29,9.96
2022-02-21,2,S1,0.62,48.29,9.44
2022-02-28,4,S1,0.62,48.61,8.66
2022-02-28,3,S1,0.61,48.45,10.06
2022-02-28,2,S1,0.64,48.34,9.35
2022-03-07,4,S12,1.39,14.13,1.14
2022-03-07,3,S1,0.61,48.48,9.8
2022-03-07,4,S1,0.62,48.45,8.82
2022-03-15,4,S1,0.62,48.63,8.59
2022-03-15,3,S1,0.62,48.24,9.78
2022-03-21,3,S1,0.62,48.18,9.76
2022-03-21,4,S1,0.62,48.7,8.65
2022-03-21,4,S11,1.02,8.78,1.14
2022-03-28,4,S1,0.62,48.6,8.71
2022-03-28,3,S1,0.61,48.04,10.15
2022-03-28,2,S1,0.62,48.33,9.53
2022-04-01,4,S11,1,8.73,1.1
2022-04-04,3,S1,0.62,48.33,10.02
2022-04-04,2,S1,0.64,48.9,9.85
2022-04-05,4,S1,0.62,48.55,8.65
2022-04-07,2,S1,0.64,48.64,9.66
2022-04-08,2,S1,0.64,48.29,9.67
2022-04-10,4,S12,1.38,14.19,1.16
2022-04-11,4,S1,0.62,47.93,8.9
2022-04-11,2,S1,0.65,48.24,9.57
2022-04-11,3,S1,0.61,47.87,10.26
2022-04-12,4,S1,0.62,47.92,8.68
2022-04-12,3,S1,0.62,48.29,10.24
2022-04-12,2,S1,0.63,48.34,9.62
2022-04-18,4,S1,0.62,48.91,8.72
2022-04-18,3,S1,0.61,48.21,10.24
2022-04-18,2,S1,0.63,47.96,9.54
2022-04-23,2,S1,0.64,48.37,9.73
2022-04-24,2,S1,0.64,48.28,9.85
2022-04-25,2,S1,0.63,48.37,9.8
2022-04-25,4,S1,0.62,49.03,8.77
2022-04-25,3,S1,0.63,48.38,10.18
2022-04-26,2,S1,0.64,48.38,9.68
2022-04-29,2,S1,0.64,48.46,10.09
2022-04-29,4,S2,0.66,52.19,6.92
2022-04-29,3,S2,0.63,51.02,6.85
2022-04-29,3,S1,0.63,48.02,10.76
2022-04-29,2,S2,0.65,51.08,6.36
2022-04-29,4,S1,0.63,48.06,8.88
2022-04-30,4,S2,0.65,51.71,6.83
2022-04-30,3,S1,0.63,47.98,10.71
2022-04-30,4,S1,0.63,48.4,9.01
2022-04-30,3,S2,0.64,50.9,6.79
2022-05-01,3,S1,0.62,48.18,10.73
2022-05-01,3,S2,0.63,51.04,6.81
2022-05-02,4,S1,0.62,48.89,8.72
2022-05-02,3,S11,1,8.22,1.62
2022-05-02,3,S1,0.64,48.36,10.31
2022-05-02,3,S2,0.63,51.53,6.81
2022-05-02,2,S1,0.64,48.26,9.39
2022-05-03,3,S2,0.64,51.1,6.85
2022-05-03,3,S1,0.63,48.53,10.57
2022-05-03,3,S11,1,8.23,1.64
2022-05-04,3,S1,0.63,48.48,10.64
2022-05-04,3,S2,0.64,50.93,6.94
2022-05-04,3,S12,1.39,13.86,1.33
2022-05-05,3,S12,1.4,13.9,1.32
2022-05-05,3,S2,0.64,51.18,6.86
2022-05-05,3,S1,0.63,48.59,10.59
2022-05-06,3,S2,0.64,51.13,6.78
2022-05-06,4,S2,0.65,52.1,6.84
2022-05-06,4,S1,0.63,48.32,8.94
2022-05-06,3,S1,0.63,48.29,10.63
2022-05-07,3,S1,0.62,48.39,10.64
2022-05-07,4,S1,0.63,48.54,9.07
2022-05-07,4,S2,0.65,51.72,6.88
2022-05-07,3,S2,0.64,51.31,6.85
2022-05-08,3,S2,0.64,51.62,6.76
2022-05-08,4,S2,0.65,51.66,6.89
2022-05-08,3,S11,0.99,8.18,1.64
2022-05-08,4,S1,0.63,48.4,9.05
2022-05-08,3,S1,0.64,48.68,10.91
2022-05-10,2,S1,0.62,48.23,9.5
2022-05-10,4,S2,0.65,52.29,6.94
2022-05-10,4,S1,0.63,48.84,8.99
2022-05-10,3,S1,0.64,48.49,10.57
2022-05-10,3,S2,0.64,51.08,7.05
2022-05-11,4,S1,0.63,48.36,8.78
2022-05-11,4,S2,0.65,51.86,6.9
2022-05-11,3,S2,0.65,51.28,6.82
2022-05-11,3,S1,0.64,48.23,10.64
2022-05-12,3,S1,0.64,48.23,10.68
2022-05-12,3,S2,0.64,51.55,6.96
2022-05-12,4,S1,0.63,48.7,9.09
2022-05-12,4,S2,0.65,52.32,6.9
2022-05-13,3,S2,0.65,51.26,6.89
2022-05-13,4,S1,0.64,48.6,9.02
2022-05-13,3,S1,0.64,48.35,10.71
2022-05-13,4,S2,0.66,52.25,6.95
2022-05-13,3,S12,1.38,13.98,1.28
2022-05-14,4,S2,0.65,52.3,6.84
2022-05-14,3,S12,1.38,13.96,1.29
2022-05-14,3,S2,0.65,51.28,6.82
2022-05-14,3,S11,0.99,8.3,1.55
2022-05-14,4,S1,0.64,48.94,9.11
2022-05-14,3,S1,0.63,48.3,10.8
2022-05-15,3,S1,0.63,48.49,10.62
2022-05-15,2,S1,0.64,48.41,9.99
2022-05-15,2,S2,0.65,51.21,6.5
2022-05-15,3,S2,0.65,51.3,6.83
2022-05-16,3,S12,1.39,13.89,1.43
2022-05-16,2,S2,0.64,51.06,6.4
2022-05-16,3,S1,0.63,48.54,10.69
2022-05-16,2,S1,0.64,48.05,9.79
2022-05-16,3,S2,0.64,51.19,6.84
2022-05-17,3,S12,1.39,13.92,1.36
2022-05-17,2,S2,0.65,51.21,6.49
2022-05-17,2,S1,0.64,48.31,9.94
2022-05-17,3,S2,0.64,51.36,6.91
2022-05-17,3,S1,0.63,48.49,10.68
2022-05-18,2,S2,0.66,51.32,6.49
2022-05-18,2,S1,0.64,48.51,10.1
2022-05-18,3,S1,0.63,48.7,10.67
2022-05-18,3,S2,0.64,51.5,6.93
2022-05-19,3,S2,0.64,51.18,6.8
2022-05-19,2,S1,0.64,48.33,10.01
2022-05-19,3,S12,1.35,13.81,1.35
2022-05-19,3,S1,0.63,48.37,10.69
2022-05-19,2,S2,0.66,51.25,6.51
2022-05-20,2,S1,0.64,48.22,10
2022-05-20,3,S1,0.63,48.33,10.68
2022-05-20,3,S12,1.36,13.87,1.36
2022-05-20,2,S2,0.65,51.12,6.45
2022-05-20,2,S11,1,8.21,1.16
2022-05-20,3,S2,0.64,51.27,6.97
2022-05-20,2,S12,1.38,13.56,1.12
2022-05-21,3,S1,0.63,48.31,10.8
2022-05-21,2,S1,0.64,48.6,10.02
2022-05-21,2,S12,1.38,13.6,1.13
2022-05-21,2,S11,1,8.24,1.18
2022-05-21,2,S2,0.66,51.46,6.53
2022-05-21,3,S2,0.64,51.13,7.03
2022-05-22,3,S1,0.63,48.4,10.64
2022-05-22,3,S2,0.64,51.23,6.93
2022-05-22,2,S2,0.65,51.23,6.51
2022-05-22,2,S1,0.64,48.29,9.85
2022-05-22,3,S12,1.39,13.93,1.37
2022-05-23,3,S12,1.4,14.01,1.4
2022-05-23,3,S1,0.63,48.25,10.49
2022-05-23,2,S1,0.64,48.12,9.84
2022-05-23,2,S2,0.65,51.01,6.44
2022-05-23,3,S2,0.64,51.09,6.83
2022-05-24,3,S2,0.64,51.05,7.05
2022-05-24,2,S1,0.64,48.25,9.85
2022-05-24,2,S2,0.66,51.01,6.48
2022-05-24,2,S12,1.38,13.78,1.14
2022-05-24,3,S1,0.63,48.24,10.72
2022-05-25,3,S2,0.64,51.16,6.91
2022-05-25,2,S11,1.01,8.3,1.15
2022-05-25,2,S12,1.37,13.64,1.14
2022-05-25,2,S1,0.64,48.34,9.69
2022-05-25,3,S1,0.63,48.28,10.49
2022-05-25,3,S12,1.39,13.95,1.35
2022-05-25,3,S11,1,8.31,1.55
2022-05-25,2,S2,0.66,51.3,6.49
2022-05-26,3,S2,0.64,51.02,6.91
2022-05-26,3,S1,0.62,48.13,10.43
2022-05-26,2,S11,1,8.19,1.14
2022-05-26,2,S2,0.66,51.4,6.51
2022-05-26,2,S12,1.37,13.54,1.14
2022-05-26,3,S12,1.39,13.97,1.37
2022-05-26,2,S1,0.63,48.42,9.9
2022-05-27,2,S11,1.01,8.45,1.27
2022-05-27,2,S2,0.66,51.47,6.55
2022-05-27,3,S11,1,8.34,1.63
2022-05-27,4,S1,0.63,48.52,8.88
2022-05-27,3,S2,0.64,51.03,6.9
2022-05-27,4,S11,1.02,8.85,1.07
2022-05-27,2,S12,1.4,13.74,1.2
2022-05-27,4,S2,0.65,51.96,6.82
2022-05-27,3,S12,1.39,13.99,1.41
2022-05-27,2,S1,0.64,48.54,9.86
2022-05-27,3,S1,0.62,48.06,10.49
2022-05-27,4,S12,1.4,13.85,1.15
2022-05-28,2,S2,0.66,51.37,6.62
2022-05-28,2,S11,1.01,8.25,1.22
2022-05-28,2,S12,1.39,13.48,1.19
2022-05-28,2,S1,0.64,48.36,10.03
2022-05-28,4,S1,0.63,48.48,8.8
2022-05-28,3,S1,0.62,47.96,10.66
2022-05-28,4,S2,0.65,51.88,6.8
2022-05-28,3,S2,0.64,50.98,6.86
2022-05-28,3,S12,1.39,13.88,1.48
2022-05-29,2,S1,0.64,48.3,10.16
2022-05-29,3,S12,1.4,13.89,1.29
2022-05-29,4,S2,0.65,51.7,6.77
2022-05-29,2,S2,0.66,51.56,6.62
2022-05-29,3,S1,0.63,48.29,10.66
2022-05-29,2,S11,1,8.41,1.24
2022-05-29,4,S1,0.63,48.56,8.84
2022-05-29,3,S11,0.99,8.27,1.64
2022-05-29,3,S2,0.64,51.23,7.01
2022-05-29,2,S12,1.39,13.83,1.21
2022-05-30,4,S2,0.65,51.8,6.8
2022-05-30,3,S2,0.64,51.07,6.99
2022-05-30,3,S1,0.62,48,10.76
2022-05-30,2,S1,0.64,48.34,10.08
2022-05-30,4,S1,0.63,48.6,8.75
2022-05-30,2,S12,1.4,13.61,1.2
2022-05-30,2,S11,1.01,8.29,1.22
2022-05-30,2,S2,0.65,51.3,6.58
2022-05-31,2,S1,0.64,48.28,10
2022-05-31,4,S1,0.63,48.43,8.78
2022-05-31,3,S11,1,8.28,1.73
2022-05-31,4,S2,0.65,51.96,6.76
2022-05-31,2,S11,1.02,8.32,1.25
2022-05-31,2,S2,0.65,51.26,6.53
2022-05-31,2,S12,1.4,13.64,1.2
2022-05-31,3,S1,0.63,48.26,10.59
2022-05-31,3,S2,0.64,51.2,6.89
2022-06-01,4,S11,1,8.79,1.14
2022-06-01,4,S2,0.65,51.74,6.8
2022-06-01,3,S11,1,8.28,1.66
2022-06-01,2,S11,1.01,8.22,1.2
2022-06-01,4,S1,0.63,48.47,8.85
2022-06-01,2,S12,1.35,13.86,1.15
2022-06-01,3,S2,0.65,51.27,6.89
2022-06-01,2,S1,0.64,48.53,10.11
2022-06-01,4,S12,1.4,13.99,1.15
2022-06-01,3,S1,0.63,48.3,10.56
2022-06-01,2,S2,0.66,51.38,6.64
2022-06-01,3,S12,1.39,14.07,1.33
2022-06-02,2,S2,0.64,51.9,6.7
2022-06-02,4,S12,1.4,13.98,1.14
2022-06-02,4,S2,0.65,51.9,6.87
2022-06-02,2,S1,0.65,48.75,10.11
2022-06-02,4,S11,1.01,8.77,1.14
2022-06-02,4,S1,0.63,48.79,8.85
2022-06-02,3,S1,0.64,48.32,10.59
2022-06-02,3,S12,1.39,14.1,1.35
2022-06-02,3,S11,1,8.3,1.6
2022-06-02,3,S2,0.64,51.05,6.94
2022-06-03,3,S2,0.64,51.25,6.91
2022-06-03,3,S11,1,8.32,1.58
2022-06-03,4,S2,0.65,51.79,6.68
2022-06-03,3,S1,0.63,48.39,10.56
2022-06-03,4,S11,1,8.81,1.13
2022-06-03,4,S1,0.63,48.28,8.8
2022-06-03,2,S12,1.38,13.92,1.19
2022-06-03,2,S11,1.01,8.44,1.23
2022-06-03,4,S12,1.4,13.94,1.14
2022-06-03,2,S1,0.63,49.31,10.45
2022-06-03,3,S12,1.39,14.07,1.33
2022-06-03,2,S2,0.66,52.41,6.78
2022-06-04,3,S11,1,8.32,1.58
2022-06-04,2,S11,1,8.49,1.22
2022-06-04,4,S1,0.63,48.77,8.81
2022-06-04,3,S2,0.64,51.2,6.94
2022-06-04,3,S1,0.63,48.38,10.63
2022-06-04,4,S12,1.41,13.95,1.12
2022-06-04,4,S2,0.65,51.79,6.68
2022-06-04,2,S1,0.64,49.2,10.24
2022-06-04,2,S12,1.38,13.95,1.19
2022-06-04,4,S11,1,8.83,1.12
2022-06-04,2,S2,0.65,51.88,6.66
2022-06-04,3,S12,1.4,14.09,1.32
2022-06-05,3,S11,1,8.32,1.59
2022-06-05,3,S2,0.65,51.31,6.9
2022-06-05,4,S2,0.65,52.01,6.75
2022-06-05,4,S11,1,8.77,1.11
2022-06-05,3,S1,0.62,48.45,10.38
2022-06-05,2,S1,0.64,48.84,10.01
2022-06-05,3,S12,1.39,14.08,1.32
2022-06-05,2,S2,0.66,51.55,6.65
2022-06-05,4,S1,0.62,48.47,8.82
2022-06-06,2,S1,0.64,48.58,9.95
2022-06-06,3,S2,0.64,51.34,6.96
2022-06-06,2,S2,0.66,51.64,6.67
2022-06-06,4,S2,0.64,51.84,6.84
2022-06-06,3,S1,0.62,48.25,10.22
2022-06-06,4,S1,0.63,48.88,8.78
2022-06-07,2,S1,0.64,48.74,9.95
2022-06-07,2,S2,0.66,51.61,6.67
2022-06-07,4,S11,1,8.86,1.19
2022-06-07,3,S1,0.63,48.47,10.36
2022-06-07,4,S1,0.63,48.46,8.71
2022-06-07,3,S2,0.65,51.27,6.88
2022-06-07,4,S2,0.65,52.17,6.84
2022-06-08,3,S1,0.63,48.1,10.56
2022-06-08,4,S1,0.62,48.66,8.69
2022-06-08,3,S2,0.65,51.3,6.87
2022-06-08,4,S2,0.65,52.04,6.75
2022-06-08,2,S2,0.67,51.33,6.62
2022-06-08,2,S1,0.64,48.29,9.91
2022-06-09,3,S1,0.63,48.44,10.3
2022-06-09,4,S2,0.65,52.24,6.83
2022-06-09,4,S1,0.63,48.47,8.69
2022-06-09,3,S2,0.64,50.94,6.93
2022-06-09,4,S11,1,8.82,1.14
2022-06-09,2,S1,0.63,48.11,9.4
2022-06-09,2,S2,0.66,51.04,6.65
2022-06-09,3,S12,1.39,13.8,1.45
2022-06-10,4,S2,0.65,52.34,6.82
2022-06-10,2,S1,0.64,48.25,9.86
2022-06-10,2,S2,0.66,51.08,6.63
2022-06-10,4,S11,1,8.87,1.16
2022-06-10,3,S1,0.62,48.25,10.21
2022-06-10,4,S1,0.63,48.84,8.8
2022-06-10,3,S2,0.64,51.05,6.83
2022-06-11,2,S1,0.63,47.84,9.84
2022-06-11,4,S12,1.37,13.93,1.11
2022-06-11,3,S2,0.64,51.14,6.94
2022-06-11,4,S1,0.63,48.9,8.48
2022-06-11,2,S2,0.66,50.86,6.6
2022-06-11,4,S2,0.65,51.14,6.89
2022-06-11,3,S1,0.62,48.18,10.46
2022-06-12,3,S1,0.63,48.54,9.9
2022-06-12,4,S1,0.63,48.56,8.62
2022-06-12,2,S1,0.63,48.25,9.75
2022-06-12,4,S2,0.65,51.35,6.87
2022-06-12,3,S2,0.64,51.17,6.82
2022-06-12,2,S2,0.66,51.25,6.6
2022-06-13,2,S2,0.66,51.39,6.61
2022-06-13,4,S1,0.62,48.59,8.62
2022-06-13,2,S1,0.64,48.47,9.76
2022-06-13,3,S2,0.64,51.22,6.87
2022-06-13,4,S2,0.65,51.44,6.68
2022-06-13,4,S11,1,8.83,1.12
2022-06-13,3,S1,0.63,48.41,10.37
2022-06-14,4,S11,1,8.84,1.14
2022-06-14,3,S1,0.63,48.3,10.25
2022-06-14,3,S2,0.64,51.32,7.02
2022-06-14,2,S2,0.65,51.57,6.59
2022-06-14,4,S1,0.62,48.49,8.67
2022-06-14,4,S2,0.65,51.95,6.69
2022-06-14,2,S1,0.64,48.53,9.73
2022-06-15,4,S2,0.65,52.23,6.73
2022-06-15,2,S2,0.66,51.57,6.64
2022-06-15,3,S1,0.63,48.34,10.42
2022-06-15,2,S1,0.64,48.49,9.9
2022-06-15,4,S1,0.62,48.27,8.68
2022-06-15,4,S11,1,8.85,1.15
2022-06-15,3,S2,0.64,51.25,6.79
2022-06-16,2,S1,0.64,48.55,9.78
2022-06-16,3,S2,0.64,51.37,6.85
2022-06-16,2,S2,0.66,51.75,6.6
2022-06-16,4,S2,0.65,52.46,6.82
2022-06-16,3,S1,0.63,48.2,10.41
2022-06-16,4,S1,0.62,48.49,8.63
2022-06-16,4,S11,1,8.48,1.2
2022-06-17,4,S2,0.65,51.36,6.92
2022-06-17,3,S2,0.65,51.33,7
2022-06-17,2,S1,0.64,48.53,9.8
2022-06-17,4,S11,1,8.49,1.13
2022-06-17,4,S1,0.62,48.6,8.58
2022-06-17,2,S2,0.66,51.44,6.61
2022-06-17,3,S1,0.63,48.2,10.38
2022-06-18,3,S1,0.63,48.35,10.26
2022-06-18,2,S2,0.66,51.46,6.63
2022-06-18,4,S1,0.63,48.75,8.58
2022-06-18,3,S2,0.64,51.23,6.88
2022-06-18,2,S1,0.64,48.6,9.72
2022-06-18,4,S2,0.65,52.35,6.79
2022-06-19,4,S1,0.63,49.14,8.55
2022-06-19,4,S2,0.65,52.14,6.78
2022-06-19,2,S1,0.63,48.34,9.69
2022-06-19,2,S2,0.66,51.46,6.55
2022-06-19,3,S1,0.63,48.41,10.21
2022-06-19,3,S2,0.64,51.27,6.94
2022-06-20,4,S2,0.65,52.05,6.74
2022-06-20,3,S2,0.64,51.04,6.97
2022-06-20,4,S1,0.63,48.56,8.61
2022-06-20,3,S1,0.63,48.41,10.11
2022-06-20,2,S2,0.66,51.59,6.47
2022-06-20,2,S1,0.64,48.57,9.66
2022-06-21,4,S11,1,8.89,1.09
2022-06-21,2,S2,0.66,51.72,6.49
2022-06-21,3,S1,0.62,48.26,10.1
2022-06-21,2,S1,0.64,48.67,9.48
2022-06-21,3,S2,0.64,51.04,6.91
2022-06-21,4,S1,0.63,49.28,8.41
2022-06-21,4,S2,0.65,52.42,6.76
2022-06-22,4,S1,0.63,49.37,8.49
2022-06-22,2,S1,0.64,48.77,9.53
2022-06-22,3,S1,0.62,48.26,10.23
2022-06-22,2,S2,0.65,51.91,6.66
2022-06-22,4,S2,0.65,51.92,6.64
2022-06-22,4,S11,0.99,8.89,1.08
2022-06-22,3,S2,0.64,51.28,7.12
2022-06-23,4,S2,0.66,51.61,7.1
2022-06-23,3,S1,0.63,48.38,10.03
2022-06-23,2,S2,0.66,51.46,6.52
2022-06-23,2,S1,0.64,48.48,9.58
2022-06-23,3,S2,0.64,51.03,6.43
2022-06-23,4,S11,1.01,8.87,1.16
2022-06-24,4,S11,1.01,8.89,1.15
2022-06-24,2,S2,0.66,51.39,6.56
2022-06-24,4,S2,0.65,51.81,6.93
2022-06-24,3,S2,0.64,50.97,6.96
2022-06-24,2,S1,0.64,48.53,9.52
2022-06-24,4,S1,0.63,48.73,8.58
2022-06-24,3,S1,0.63,48.35,10.11
2022-06-25,2,S2,0.66,51.56,6.6
2022-06-25,2,S1,0.64,48.57,9.68
2022-06-25,3,S2,0.64,50.96,6.87
2022-06-25,3,S1,0.63,48.34,10.04
2022-06-25,4,S2,0.66,52.58,6.83
2022-06-25,4,S11,1,8.85,1.13
2022-06-25,3,S12,1.39,13.95,1.44
2022-06-25,4,S1,0.63,48.58,8.59
2022-06-26,3,S2,0.64,51.16,6.94
2022-06-26,4,S2,0.66,52.44,6.79
2022-06-26,4,S11,1,8.87,1.13
2022-06-26,3,S1,0.63,48.42,9.91
2022-06-26,2,S1,0.65,48.47,9.42
2022-06-26,4,S1,0.63,49.18,8.47
2022-06-26,3,S12,1.4,14.04,1.34
2022-06-26,2,S2,0.66,51.64,6.56
2022-06-27,3,S1,0.63,48.33,10.04
2022-06-27,4,S12,1.4,14.1,1.16
2022-06-27,2,S1,0.64,48.52,9.39
2022-06-27,2,S2,0.66,51.45,6.55
2022-06-27,3,S2,0.65,51.17,7
2022-06-27,4,S2,0.65,52.24,6.65
2022-06-27,4,S11,1,8.84,1.12
2022-06-27,4,S1,0.63,49.25,8.55
2022-06-28,3,S2,0.65,51.14,6.58
2022-06-28,3,S11,1,8.27,1.59
2022-06-28,3,S1,0.64,48.47,9.87
2022-06-28,3,S12,1.4,14.05,1.46
2022-06-28,2,S1,0.64,48.46,9.39
2022-06-28,2,S2,0.66,51.06,6.55
2022-06-29,2,S1,0.64,48.42,9.45
2022-06-29,3,S2,0.65,50.94,7.1
2022-06-29,4,S11,1.01,8.88,1.11
2022-06-29,3,S1,0.64,48.42,10.08
2022-06-29,4,S2,0.65,52.72,6.79
2022-06-29,2,S2,0.66,51.27,6.59
2022-06-30,4,S2,0.65,52.7,6.78
2022-06-30,3,S2,0.65,51.1,6.86
2022-06-30,3,S1,0.64,48.48,9.88
2022-06-30,2,S2,0.66,51.22,6.6
2022-06-30,2,S1,0.65,48.46,9.42
2022-06-30,4,S11,1.01,8.88,1.11
2022-07-01,3,S1,0.64,48.41,9.97
2022-07-01,2,S1,0.65,48.57,9.51
2022-07-01,4,S2,0.65,52.35,6.67
2022-07-01,2,S2,0.66,51.51,6.59
2022-07-01,3,S2,0.65,51.14,6.82
2022-07-01,4,S1,0.62,48.79,8.59
2022-07-02,2,S2,0.66,51.56,6.57
2022-07-02,2,S1,0.64,48.58,9.42
2022-07-02,3,S1,0.63,48.42,9.86
2022-07-02,4,S1,0.63,49.21,8.56
2022-07-02,4,S2,0.65,52.69,6.85
2022-07-02,4,S11,0.99,8.93,1.11
2022-07-02,3,S2,0.65,51.33,6.79
2022-07-03,2,S1,0.64,48.13,9.45
2022-07-03,2,S2,0.66,50.95,6.56
2022-07-03,4,S2,0.65,52.24,6.78
2022-07-03,2,S3,0.98,50.77,3.05
2022-07-03,3,S2,0.64,50.67,6.79
2022-07-03,3,S3,0.99,51.09,3.11
2022-07-03,4,S11,1,8.89,1.13
2022-07-03,3,S1,0.64,47.92,9.88
2022-07-03,4,S1,0.62,48.43,8.41
2022-07-03,4,S3,0.99,53.05,3.97
2022-07-04,3,S11,0.99,8.18,1.68
2022-07-04,2,S1,0.64,48.61,9.46
2022-07-04,4,S1,0.63,48.99,8.34
2022-07-04,3,S1,0.63,48.38,9.96
2022-07-04,2,S3,0.98,52.23,3.05
2022-07-04,4,S3,0.99,52.84,3.98
2022-07-04,3,S2,0.64,51.03,6.82
2022-07-04,3,S3,0.98,53.08,3.18
2022-07-04,2,S2,0.66,51.4,6.54
2022-07-05,3,S3,0.97,53.06,3.27
2022-07-05,2,S1,0.64,48.37,8.52
2022-07-05,2,S2,0.66,51.42,6.24
2022-07-05,4,S1,0.63,48.98,8.43
2022-07-05,3,S1,0.62,48.25,10.02
2022-07-05,4,S2,0.64,52.35,6.74
2022-07-05,3,S2,0.64,51.26,6.82
2022-07-05,4,S3,0.99,53.96,3.91
2022-07-06,2,S3,0.98,52.14,3.04
2022-07-06,3,S3,0.98,53.06,3.2
2022-07-06,4,S3,0.99,54.45,3.92
2022-07-06,3,S2,0.64,51.15,6.79
2022-07-06,4,S1,0.63,49.35,8.58
2022-07-06,2,S1,0.64,48.58,9.41
2022-07-06,2,S2,0.66,51.32,6.52
2022-07-06,3,S1,0.63,48.4,9.9
2022-07-06,4,S12,1.4,14.02,1.15
2022-07-07,4,S3,0.98,54.46,3.92
2022-07-07,3,S1,0.62,48.07,10.17
2022-07-07,2,S1,0.64,48.46,9.56
2022-07-07,2,S2,0.66,51.6,6.55
2022-07-07,4,S2,0.66,52.52,6.82
2022-07-07,4,S1,0.63,49.21,8.51
2022-07-07,4,S11,1.01,8.87,1.1
2022-07-07,3,S2,0.65,51.31,6.92
2022-07-07,2,S3,0.98,52.52,3.06
2022-07-07,4,S12,1.41,14.01,1.13
2022-07-08,3,S2,0.64,51.29,6.79
2022-07-08,3,S1,0.62,48.4,10.01
2022-07-08,2,S2,0.65,51.44,6.56
2022-07-08,2,S1,0.63,48.54,9.48
2022-07-09,4,S3,0.99,53.44,4.03
2022-07-09,3,S3,0.98,52.95,3.25
2022-07-09,2,S3,0.98,52.38,3.11
2022-07-09,2,S12,1.37,13.62,1.2
2022-07-09,2,S1,0.64,48.58,9.39
2022-07-09,4,S1,0.63,49.22,8.57
2022-07-09,4,S2,0.65,52.51,6.69
2022-07-09,2,S11,1,8.36,1.21
2022-07-09,3,S2,0.64,51.19,6.69
2022-07-09,2,S2,0.65,51.62,6.54
2022-07-09,3,S1,0.62,48.39,9.95
2022-07-10,3,S2,0.64,51.08,6.79
2022-07-10,2,S1,0.64,48.6,9.34
2022-07-10,4,S11,1,8.9,1.18
2022-07-10,4,S2,0.65,52.7,6.74
2022-07-10,2,S2,0.65,51.44,6.54
2022-07-10,3,S1,0.62,48.29,9.81
2022-07-11,3,S1,0.63,48.43,9.9
2022-07-11,2,S2,0.66,51.28,6.48
2022-07-11,4,S12,1.4,14.12,1.15
2022-07-11,4,S1,0.63,49.01,8.47
2022-07-11,3,S2,0.64,51.12,6.83
2022-07-11,2,S3,0.96,52.52,3.12
2022-07-11,3,S3,0.98,53.07,3.35
2022-07-11,4,S2,0.65,52.5,6.77
2022-07-11,4,S3,0.99,54.61,3.97
2022-07-11,4,S11,1,8.9,1.08
2022-07-11,2,S1,0.64,48.59,9.43
2022-07-12,4,S3,0.99,54.84,3.97
2022-07-12,4,S1,0.63,49.22,8.43
2022-07-12,4,S2,0.65,52.64,6.7
2022-07-12,3,S2,0.65,51.15,6.76
2022-07-12,3,S3,0.98,53.02,3.36
2022-07-12,2,S3,0.99,52.32,3.07
2022-07-12,2,S1,0.64,48.53,9.31
2022-07-12,3,S1,0.63,48.41,9.87
2022-07-12,2,S2,0.66,51.4,6.5
2022-07-13,4,S1,0.63,49.11,8.4
2022-07-13,3,S3,0.97,53.05,3.31
2022-07-13,3,S2,0.64,51.15,6.74
2022-07-13,2,S1,0.64,48.7,9.35
2022-07-13,2,S11,1,8.36,1.25
2022-07-13,4,S3,0.99,54.89,3.94
2022-07-13,2,S2,0.66,51.45,6.53
2022-07-13,4,S2,0.65,52.42,6.69
2022-07-13,2,S3,0.98,52.78,3.14
2022-07-13,3,S1,0.63,48.44,9.89
2022-07-14,3,S2,0.64,51.37,6.7
2022-07-14,3,S1,0.63,48.49,9.78
2022-07-14,4,S3,0.98,54.17,3.96
2022-07-14,2,S1,0.64,48.73,9.32
2022-07-14,3,S3,0.97,53.17,3.31
2022-07-14,2,S2,0.66,51.75,6.53
2022-07-14,2,S3,0.98,52.64,3.11
2022-07-14,4,S1,0.63,49.26,8.41
2022-07-15,3,S3,0.98,52.99,3.35
2022-07-15,2,S1,0.65,48.82,9.29
2022-07-15,2,S3,0.98,52.75,3.09
2022-07-15,4,S1,0.63,49.05,8.36
2022-07-15,2,S2,0.66,51.69,6.51
2022-07-15,3,S2,0.64,51.17,6.76
2022-07-15,3,S1,0.63,48.41,9.8
2022-07-15,4,S3,0.99,53.38,4.03
2022-07-16,4,S3,0.99,55.07,3.99
2022-07-16,4,S12,1.4,14.11,1.31
2022-07-16,4,S11,1,8.87,1.13
2022-07-16,3,S2,0.64,51.1,6.74
2022-07-16,3,S3,0.97,52.95,3.35
2022-07-16,3,S1,0.62,48.29,9.85
2022-07-16,2,S2,0.67,50.85,6.45
2022-07-16,4,S1,0.63,49.02,8.18
2022-07-16,2,S1,0.64,48.37,9.23
2022-07-16,2,S3,0.98,52.27,3.11
2022-07-17,2,S12,1.39,13.76,1.29
2022-07-17,4,S3,0.99,54.61,3.99
2022-07-17,4,S1,0.63,48.89,8.3
2022-07-17,2,S1,0.65,48.41,9.19
2022-07-17,2,S11,1.01,8.31,1.23
2022-07-17,3,S2,0.64,51.01,6.7
2022-07-17,3,S3,0.98,52.97,3.29
2022-07-17,2,S2,0.66,50.98,6.48
2022-07-17,3,S1,0.63,48.41,9.6
2022-07-17,2,S3,0.99,52.19,3.14
2022-07-18,3,S2,0.65,51.04,6.65
2022-07-18,3,S1,0.63,48.28,9.66
2022-07-18,2,S1,0.65,48.69,9.24
2022-07-18,2,S3,0.98,52.72,3.17
2022-07-18,4,S1,0.63,49.33,8.46
2022-07-18,2,S2,0.66,51.7,6.53
2022-07-18,4,S3,0.98,54.79,3.97
2022-07-18,3,S3,0.99,52.98,3.25
2022-07-19,4,S1,0.63,49.11,8.34
2022-07-19,2,S1,0.65,48.64,9.25
2022-07-19,3,S1,0.63,48.25,9.74
2022-07-19,2,S3,0.96,52.94,3.16
2022-07-19,4,S2,0.66,51.86,6.89
2022-07-19,4,S3,0.99,54.83,3.98
2022-07-19,3,S2,0.65,51.14,6.8
2022-07-19,3,S3,0.99,53,3.34
2022-07-19,2,S2,0.66,51.31,6.51
2022-07-20,3,S12,1.39,13.96,1.4
2022-07-20,3,S3,0.99,52.77,3.33
2022-07-20,4,S1,0.62,48.9,8.32
2022-07-20,3,S1,0.63,48.25,9.7
2022-07-20,3,S2,0.65,51.05,6.71
2022-07-20,4,S2,0.65,52.75,6.76
2022-07-20,3,S11,1.01,8.28,1.63
2022-07-21,3,S11,0.99,8.21,1.66
2022-07-21,2,S1,0.63,48.51,10.07
2022-07-21,2,S12,1.37,13.79,1.61
2022-07-21,4,S1,0.63,48.85,8.34
2022-07-21,3,S3,0.99,52.81,3.38
2022-07-21,2,S11,0.97,8.17,1.77
2022-07-21,4,S2,0.65,52.59,6.71
2022-07-21,3,S2,0.65,51.07,6.81
2022-07-21,3,S12,1.39,14.07,1.39
2022-07-21,2,S2,0.65,50.99,6.6
2022-07-21,4,S11,0.99,8.86,1.16
2022-07-21,2,S3,1.03,53.8,3.23
2022-07-21,3,S1,0.64,48.25,9.72
2022-07-21,4,S3,0.99,54.58,3.98
2022-07-21,4,S12,1.39,14.08,1.22
2022-07-22,2,S3,1.02,53.77,3.23
2022-07-22,3,S11,1,8.23,1.64
2022-07-22,3,S3,0.99,52.73,3.38
2022-07-22,3,S2,0.65,51.06,6.67
2022-07-22,2,S2,0.66,51.35,6.59
2022-07-22,2,S1,0.64,48.64,10.15
2022-07-22,2,S12,1.35,13.68,1.58
2022-07-22,4,S11,0.99,8.93,1.13
2022-07-22,4,S2,0.65,51.76,6.67
2022-07-22,4,S3,0.99,54.18,3.99
2022-07-22,4,S12,1.4,13.99,1.16
2022-07-22,3,S1,0.63,48.27,9.92
2022-07-22,4,S1,0.63,48.56,8.57
2022-07-22,2,S11,0.97,8.08,1.79
2022-07-22,3,S12,1.4,13.86,1.51
2022-07-23,4,S3,0.99,53.5,4.05
2022-07-23,2,S1,0.64,48.8,10.37
2022-07-23,2,S2,0.67,51.88,6.73
2022-07-23,3,S2,0.65,51.01,6.69
2022-07-23,3,S3,0.98,52.84,3.34
2022-07-23,3,S1,0.63,48.38,10.46
2022-07-23,4,S1,0.63,48.03,8.62
2022-07-23,2,S3,1.02,53.41,3.3
2022-07-23,4,S2,0.65,51.53,6.75
2022-07-24,3,S2,0.64,50.97,6.69
2022-07-24,2,S11,0.97,8.09,1.79
2022-07-24,2,S2,0.67,51.61,6.75
2022-07-24,2,S1,0.64,48.89,10.66
2022-07-24,3,S1,0.63,48.25,10.12
2022-07-24,4,S1,0.63,48.49,8.53
2022-07-24,2,S12,1.39,13.71,1.67
2022-07-24,2,S3,1.03,53.53,3.29
2022-07-24,4,S3,0.99,53.46,4
2022-07-24,3,S3,0.99,52.85,3.41
2022-07-24,4,S2,0.65,51.64,6.69
2022-07-25,4,S3,0.98,53.96,4
2022-07-25,4,S2,0.65,51.56,6.67
2022-07-25,2,S3,1.04,53.38,3.26
2022-07-25,3,S2,0.64,50.86,6.67
2022-07-25,2,S1,0.64,48.81,10.38
2022-07-25,4,S11,1,8.73,1.12
2022-07-25,4,S12,1.4,13.91,1.27
2022-07-25,3,S1,0.63,48.34,9.95
2022-07-25,4,S1,0.63,48.39,8.77
2022-07-25,2,S2,0.67,51.68,6.7
2022-07-25,3,S3,0.99,52.87,3.38
2022-07-26,4,S11,1,8.76,1.15
2022-07-26,4,S1,0.64,48.44,8.77
2022-07-26,4,S2,0.65,51.51,6.69
2022-07-26,2,S1,0.64,48.6,10.23
2022-07-26,4,S3,0.99,54.08,4.03
2022-07-26,3,S3,0.98,52.87,3.33
2022-07-26,2,S3,1.03,53.5,3.25
2022-07-26,3,S2,0.64,51.05,6.68
2022-07-26,4,S12,1.4,13.94,1.18
2022-07-26,3,S1,0.63,48.32,10.05
2022-07-26,2,S2,0.66,51.43,6.71
2022-07-27,2,S2,0.67,51.41,6.69
2022-07-27,4,S11,1,8.74,1.18
2022-07-27,3,S2,0.65,51.22,6.63
2022-07-27,4,S2,0.65,51.6,6.76
2022-07-27,4,S1,0.63,48.5,8.33
2022-07-27,4,S12,1.4,13.88,1.15
2022-07-27,2,S1,0.64,48.46,10.29
2022-07-27,3,S1,0.63,48.29,10.02
2022-07-27,4,S3,0.99,53.91,4.07
2022-07-27,3,S3,0.98,52.73,3.34
2022-07-27,3,S12,1.39,14.09,1.3
2022-07-27,2,S3,1.03,53.04,3.29
2022-07-27,3,S11,0.99,8.25,1.7
2022-07-28,4,S2,0.65,51.51,6.67
2022-07-28,2,S3,1.02,53.59,3.31
2022-07-28,3,S1,0.63,48.37,10.35
2022-07-28,2,S1,0.64,48.83,10.5
2022-07-28,3,S3,0.97,52.88,3.13
2022-07-28,2,S2,0.67,51.48,6.71
2022-07-28,2,S12,1.33,13.89,1.58
2022-07-28,4,S3,0.99,54.04,4.05
2022-07-28,3,S2,0.64,50.97,6.77
2022-07-28,4,S1,0.63,48.39,8.38
2022-07-29,2,S3,1.02,53.41,3.31
2022-07-29,2,S2,0.67,51.23,6.71
2022-07-29,4,S3,0.97,52.54,4.15
2022-07-29,3,S2,0.64,51.19,6.57
2022-07-29,2,S1,0.65,48.55,10.41
2022-07-29,2,S12,1.38,13.66,1.57
2022-07-29,3,S3,0.97,52.95,3.42
2022-07-29,3,S1,0.63,48.45,10.5
2022-07-29,2,S11,0.96,8.06,1.82
2022-07-29,4,S1,0.63,48.4,8.74
2022-07-30,2,S1,0.64,48.52,9.96
2022-07-30,4,S3,0.99,53.55,4.06
2022-07-30,2,S2,0.67,51.5,6.77
2022-07-30,2,S12,1.38,13.6,1.54
2022-07-30,3,S1,0.63,48.35,10.11
2022-07-30,3,S2,0.64,50.85,6.68
2022-07-30,2,S11,0.97,8.02,1.76
2022-07-30,4,S11,1,8.64,1.21
2022-07-30,4,S12,1.41,13.96,1.14
2022-07-30,3,S3,0.97,52.95,3.4
2022-07-30,2,S3,1.03,53.52,3.35
2022-07-30,4,S1,0.63,48.57,8.68
2022-07-31,3,S3,0.96,52.95,3.31
2022-07-31,3,S2,0.63,50.51,6.62
2022-07-31,2,S2,0.66,51.75,6.83
2022-07-31,2,S3,1.03,53.54,3.36
2022-07-31,3,S1,0.63,48.29,9.6
2022-07-31,2,S1,0.63,48.73,9.98
2022-07-31,2,S11,0.96,8.22,1.85
2022-07-31,4,S1,0.63,47.93,8.27
2022-07-31,4,S2,0.64,51.32,6.68
2022-08-01,2,S2,0.66,51.75,6.79
2022-08-01,4,S3,0.99,54.02,4.08
2022-08-01,3,S3,0.98,52.82,3.38
2022-08-01,4,S11,1,8.72,1.15
2022-08-01,3,S2,0.64,50.98,6.68
2022-08-01,4,S2,0.65,51.58,6.71
2022-08-01,4,S12,1.39,13.88,1.16
2022-08-01,2,S3,1.02,53.91,3.26
2022-08-01,2,S12,1.37,13.86,1.58
2022-08-01,2,S1,0.63,49.06,10.45
2022-08-01,3,S1,0.63,48.24,10.22
2022-08-01,2,S11,0.97,8.12,1.75
2022-08-01,4,S1,0.62,48.15,8.32
2022-08-02,3,S11,1.01,8.24,1.64
2022-08-02,3,S12,1.41,14.08,1.38
2022-08-02,2,S2,0.65,51.68,6.71
2022-08-02,4,S3,0.98,53.92,4.06
2022-08-02,2,S1,0.64,48.99,10.43
2022-08-02,4,S2,0.65,51.74,6.72
2022-08-02,3,S3,0.99,52.94,3.38
2022-08-02,2,S3,1.02,53.65,3.33
2022-08-02,4,S1,0.63,48.55,8.64
2022-08-02,3,S2,0.65,51.07,6.67
2022-08-02,3,S1,0.63,48.3,10.1
2022-08-03,4,S11,1.01,8.7,1.08
2022-08-03,4,S1,0.63,48.56,8.82
2022-08-03,2,S1,0.64,48.81,10.42
2022-08-03,3,S1,0.64,48.25,9.88
2022-08-03,4,S12,1.37,14.14,1.14
2022-08-03,4,S3,0.98,53.84,4.08
2022-08-03,3,S2,0.65,50.89,6.67
2022-08-03,2,S2,0.67,51.26,6.77
2022-08-03,2,S11,0.99,8.29,1.59
2022-08-03,2,S3,1.03,53.27,3.29
2022-08-03,3,S12,1.38,14.3,1.34
2022-08-03,3,S11,1.01,8.31,1.43
2022-08-03,2,S12,1.34,14.06,1.59
2022-08-04,3,S2,0.65,50.96,6.63
2022-08-04,3,S1,0.63,48.3,10.19
2022-08-04,3,S3,0.99,52.82,3.43
2022-08-04,2,S1,0.63,48.92,10.3
2022-08-04,4,S3,0.98,53.97,4.11
2022-08-04,4,S12,1.41,13.88,1.13
2022-08-04,2,S2,0.65,51.79,6.7
2022-08-04,4,S11,1.01,8.73,1.07
2022-08-04,2,S3,1.02,53.68,3.24
2022-08-04,4,S2,0.65,51.6,6.62
2022-08-04,4,S1,0.63,48.52,8.84
2022-08-05,4,S3,0.99,53.75,4.05
2022-08-05,3,S12,1.39,13.93,1.36
2022-08-05,2,S2,0.66,51.84,6.74
2022-08-05,4,S11,1,8.67,1.14
2022-08-05,4,S2,0.65,51.54,6.65
2022-08-05,2,S11,0.97,8.15,1.74
2022-08-05,4,S1,0.63,47.94,8.57
2022-08-05,2,S1,0.64,48.79,10.33
2022-08-05,3,S2,0.65,51.04,6.67
2022-08-05,3,S11,1,8.29,1.53
2022-08-05,2,S12,1.38,13.74,1.58
2022-08-05,3,S1,0.63,48.32,10.26
2022-08-05,4,S12,1.39,13.9,1.13
2022-08-05,2,S3,1.02,53.54,3.34
2022-08-05,3,S3,0.98,52.92,3.3
2022-08-06,2,S1,0.64,48.76,10.26
2022-08-06,4,S3,0.99,53.87,4.05
2022-08-06,3,S12,1.39,13.94,1.36
2022-08-06,2,S2,0.67,51.7,6.71
2022-08-06,4,S12,1.39,13.84,1.14
2022-08-06,2,S3,1.02,53.2,3.34
2022-08-06,3,S11,1,8.3,1.56
2022-08-06,4,S2,0.65,51.36,6.7
2022-08-06,3,S1,0.63,48.36,10.29
2022-08-06,2,S11,0.98,8.07,1.7
2022-08-06,3,S2,0.64,51,6.68
2022-08-06,2,S12,1.38,13.65,1.57
2022-08-06,3,S3,0.98,52.84,3.33
2022-08-06,4,S11,1.01,8.71,1.12
2022-08-06,4,S1,0.63,48.31,8.63
2022-08-07,4,S3,0.99,53.78,4.04
2022-08-07,4,S1,0.63,48.11,8.54
2022-08-07,2,S3,1.02,53.54,3.3
2022-08-07,4,S11,1.01,8.7,1.11
2022-08-07,3,S12,1.4,13.92,1.37
2022-08-07,4,S2,0.65,51.54,6.63
2022-08-07,2,S11,0.98,8.14,1.67
2022-08-07,2,S12,1.37,13.68,1.54
2022-08-07,2,S1,0.64,48.91,10.28
2022-08-07,3,S3,0.99,52.8,3.41
2022-08-07,3,S1,0.63,48.27,10.06
2022-08-07,4,S12,1.4,13.85,1.12
2022-08-07,3,S2,0.64,50.95,6.63
2022-08-07,2,S2,0.66,51.78,6.72
2022-08-07,3,S11,1,8.3,1.57
2022-08-08,4,S3,0.99,54.24,4.05
2022-08-08,4,S1,0.63,48.47,8.21
2022-08-08,3,S1,0.63,48.33,10.23
2022-08-08,3,S2,0.65,51.06,6.69
2022-08-08,2,S2,0.66,51.67,6.72
2022-08-08,2,S1,0.64,48.86,10.46
2022-08-08,3,S3,0.98,52.88,3.48
2022-08-09,2,S12,1.37,13.48,1.55
2022-08-09,4,S2,0.65,51.14,6.71
2022-08-09,2,S1,0.64,48.82,10.17
2022-08-09,4,S1,0.63,48.49,8.51
2022-08-09,4,S12,1.39,13.8,1.14
2022-08-09,2,S11,0.97,8.07,1.71
2022-08-09,3,S3,0.97,52.73,3.28
2022-08-09,4,S11,1,8.71,1.13
2022-08-09,3,S1,0.63,48.27,9.94
2022-08-09,3,S2,0.64,51.01,6.66
2022-08-09,2,S3,1.03,53.1,3.34
2022-08-09,4,S3,0.98,53.63,4.05
2022-08-09,3,S12,1.4,13.89,1.31
2022-08-09,2,S2,0.67,51.55,6.74
2022-08-09,3,S11,1,8.28,1.68
2022-08-10,2,S2,0.66,51.71,6.75
2022-08-10,4,S12,1.41,13.85,1.1
2022-08-10,4,S11,1.01,8.74,1.1
2022-08-10,3,S1,0.63,48.31,10.27
2022-08-10,3,S12,1.4,13.95,1.36
2022-08-10,3,S3,0.99,52.85,3.34
2022-08-10,3,S11,1,8.31,1.55
2022-08-10,4,S2,0.65,50.44,6.8
2022-08-10,4,S1,0.63,48.67,8.6
2022-08-10,2,S12,1.39,13.64,1.52
2022-08-10,2,S1,0.64,48.84,10.31
2022-08-10,2,S11,0.97,8.08,1.72
2022-08-10,2,S3,1.04,53.16,3.35
2022-08-10,3,S2,0.64,51.01,6.68
2022-08-11,3,S11,1,8.3,1.55
2022-08-11,3,S12,1.39,13.95,1.37
2022-08-11,2,S12,1.33,13.55,1.55
2022-08-11,3,S1,0.63,48.23,9.84
2022-08-11,4,S3,0.98,53.88,4.04
2022-08-11,3,S3,0.98,52.82,3.35
2022-08-11,3,S2,0.64,50.8,6.59
2022-08-11,2,S11,0.96,8.14,1.69
2022-08-11,4,S12,1.39,13.88,1.12
2022-08-11,2,S1,0.64,48.81,10.11
2022-08-11,4,S11,1,8.73,1.13
2022-08-11,4,S1,0.63,48.49,8.65
2022-08-11,4,S2,0.65,51.53,6.7
2022-08-11,2,S2,0.66,51.5,6.7
2022-08-12,2,S11,0.97,8.13,1.72
2022-08-12,3,S1,0.63,48.25,9.77
2022-08-12,4,S11,1,8.71,1.1
2022-08-12,2,S12,1.37,13.64,1.54
2022-08-12,2,S1,0.64,48.66,10.07
2022-08-12,2,S2,0.66,51.34,6.74
2022-08-12,4,S1,0.63,48.68,8.72
2022-08-12,3,S2,0.64,50.99,6.59
2022-08-12,3,S3,0.99,52.96,3.44
2022-08-12,4,S12,1.38,13.85,1.11
2022-08-12,2,S3,1.02,53.19,3.26
2022-08-12,4,S3,0.98,54.04,4.05
2022-08-13,4,S11,1,8.74,1.09
2022-08-13,4,S1,0.62,47.81,8.09
2022-08-13,3,S2,0.64,50.76,6.65
2022-08-13,3,S3,0.98,52.93,3.41
2022-08-13,4,S12,1.34,13.67,1.1
2022-08-13,3,S1,0.63,48.27,10.02
2022-08-13,4,S3,0.98,53.98,4.06
2022-08-13,2,S1,0.64,48.52,10.36
2022-08-13,2,S2,0.66,51.15,6.73
2022-08-13,2,S3,1.02,52.78,3.34
2022-08-14,4,S1,0.63,47.72,8.39
2022-08-14,3,S2,0.65,51.1,6.71
2022-08-14,2,S2,0.66,51.37,6.73
2022-08-14,4,S11,1,8.72,1.11
2022-08-14,4,S3,0.99,53.91,4.03
2022-08-14,2,S1,0.64,48.78,10.02
2022-08-14,3,S1,0.64,48.54,9.9
2022-08-14,4,S12,1.37,13.81,1.1
2022-08-14,4,S2,0.65,51.02,6.71
2022-08-15,2,S1,0.65,48.61,10.06
2022-08-15,2,S11,0.97,8.1,1.67
2022-08-15,3,S11,1,8.29,1.71
2022-08-15,3,S1,0.64,48.49,10.43
2022-08-15,2,S2,0.65,51.03,6.71
2022-08-15,3,S12,1.4,13.99,1.33
2022-08-15,3,S2,0.66,51.24,6.66
2022-08-15,2,S3,1.03,53.54,3.38
2022-08-16,2,S1,0.65,48.51,9.76
2022-08-16,2,S2,0.67,51.01,6.73
2022-08-16,3,S1,0.64,48.51,10.21
2022-08-16,4,S1,0.63,48.36,8.41
2022-08-16,4,S2,0.65,51.34,6.52
2022-08-16,4,S11,1,8.61,1.14
2022-08-16,2,S3,1.01,53.74,3.34
2022-08-16,4,S12,1.37,13.86,1.11
2022-08-16,2,S12,1.35,13.35,1.56
2022-08-16,2,S11,0.99,8.04,1.65
2022-08-16,3,S2,0.65,50.88,6.66
2022-08-16,3,S3,0.99,52.99,3.46
2022-08-17,2,S11,0.98,8.06,1.64
2022-08-17,2,S2,0.65,50.6,6.72
2022-08-17,3,S2,0.65,51.12,6.63
2022-08-17,3,S3,0.99,52.98,3.44
2022-08-17,4,S11,0.99,8.79,1.15
2022-08-17,3,S1,0.64,48.44,9.93
2022-08-17,2,S1,0.64,48.26,10.1
2022-08-17,4,S3,0.99,54.09,4.1
2022-08-17,4,S2,0.65,51.74,6.67
2022-08-17,4,S12,1.39,13.81,1.16
2022-08-17,2,S12,1.36,13.69,1.56
2022-08-17,4,S1,0.63,48.48,8.38
2022-08-18,3,S2,0.65,51.11,6.62
2022-08-18,3,S3,0.99,53.18,3.5
2022-08-18,4,S12,1.38,13.81,1.17
2022-08-18,3,S1,0.64,48.42,9.58
2022-08-18,2,S12,1.37,13.81,1.5
2022-08-18,2,S2,0.67,51.83,6.69
2022-08-18,4,S2,0.65,51.52,6.68
2022-08-18,3,S11,1,8.3,1.6
2022-08-18,4,S1,0.63,48.35,7.97
2022-08-18,3,S12,1.38,14.03,1.34
2022-08-18,2,S11,0.97,8.14,1.78
2022-08-18,4,S3,0.99,54.01,4.08
2022-08-18,2,S1,0.64,48.74,9.56
2022-08-18,4,S11,1,8.76,1.19
2022-08-19,4,S3,0.99,53.42,4.08
2022-08-19,3,S1,0.64,48.48,10.19
2022-08-19,2,S2,0.66,51.8,6.75
2022-08-19,3,S2,0.65,51.02,6.65
2022-08-19,4,S1,0.63,48.29,8.36
2022-08-19,4,S2,0.65,51.83,6.66
2022-08-19,2,S1,0.64,48.87,10.26
2022-08-19,4,S12,1.38,14.06,1.15
2022-08-19,4,S11,1,8.78,1.15
2022-08-20,4,S11,1,8.76,1.14
2022-08-20,4,S12,1.38,13.86,1.13
2022-08-20,4,S3,0.99,53.95,4.06
2022-08-20,4,S1,0.63,48.64,8.56
2022-08-20,3,S1,0.63,48.49,10.09
2022-08-20,2,S2,0.66,51.51,6.7
2022-08-20,3,S2,0.65,51.14,6.64
2022-08-20,3,S3,0.99,52.8,3.35
2022-08-20,3,S11,1,8.29,1.61
2022-08-20,4,S2,0.64,51.51,6.65
2022-08-20,2,S11,0.97,8.12,1.72
2022-08-20,3,S12,1.39,14,1.35
2022-08-20,2,S1,0.64,48.38,10.16
2022-08-20,2,S12,1.37,13.77,1.54
2022-08-20,2,S3,1.03,53.32,3.35
2022-08-21,3,S11,1,8.34,1.57
2022-08-21,3,S12,1.4,14,1.35
2022-08-21,3,S3,0.99,53.09,3.39
2022-08-21,3,S2,0.66,51.2,6.55
2022-08-21,4,S1,0.63,48.65,8.52
2022-08-21,4,S3,0.99,54.08,4.09
2022-08-21,4,S12,1.39,13.86,1.13
2022-08-21,2,S1,0.64,48.69,9.98
2022-08-21,2,S2,0.66,51.69,6.67
2022-08-21,2,S12,1.37,13.42,1.56
2022-08-21,2,S11,0.97,7.86,1.81
2022-08-21,4,S11,1,8.78,1.13
2022-08-21,4,S2,0.65,51.38,6.65
2022-08-21,3,S1,0.64,48.41,9.97
2022-08-21,2,S3,1.01,52.63,3.35
2022-08-22,2,S12,1.37,13.59,1.53
2022-08-22,2,S11,0.98,8.17,1.63
2022-08-22,4,S2,0.65,51.79,6.7
2022-08-22,4,S11,1,8.78,1.14
2022-08-22,3,S2,0.65,51.12,6.7
2022-08-22,3,S1,0.63,48.31,9.82
2022-08-22,4,S12,1.39,13.8,1.12
2022-08-22,4,S1,0.63,48.49,8.31
2022-08-22,4,S3,0.99,54.08,4.12
2022-08-22,2,S2,0.65,51.62,6.77
2022-08-22,2,S1,0.62,48.71,9.9
2022-08-23,2,S1,0.63,48.85,10
2022-08-23,3,S12,1.4,13.88,1.37
2022-08-23,3,S11,1,8.32,1.62
2022-08-23,4,S3,0.98,53.87,4.11
2022-08-23,2,S11,0.97,8.14,1.72
2022-08-23,4,S12,1.39,13.83,1.12
2022-08-23,4,S2,0.65,51.38,6.68
2022-08-23,3,S3,0.99,52.95,3.43
2022-08-23,2,S3,1.02,53.35,3.34
2022-08-23,2,S2,0.67,51.46,6.67
2022-08-23,4,S11,0.99,8.78,1.11
2022-08-23,4,S1,0.63,48.68,8.54
2022-08-23,3,S1,0.63,48.27,9.99
2022-08-23,2,S12,1.37,13.7,1.53
2022-08-24,2,S2,0.67,51.58,6.71
2022-08-24,2,S3,1.02,53.36,3.34
2022-08-24,4,S2,0.65,51.72,6.65
2022-08-24,4,S11,1,8.78,1.09
2022-08-24,4,S1,0.63,48.52,8.45
2022-08-24,3,S2,0.65,50.92,6.7
2022-08-24,2,S11,0.97,8.13,1.72
2022-08-24,4,S12,1.39,13.84,1.12
2022-08-24,2,S12,1.37,13.67,1.53
2022-08-24,2,S1,0.64,48.57,9.98
2022-08-24,3,S1,0.64,48.32,10.12
2022-08-24,3,S3,0.98,52.9,3.44
2022-08-25,2,S12,1.38,13.6,1.51
2022-08-25,2,S1,0.64,48.53,10
2022-08-25,3,S11,1,8.29,1.61
2022-08-25,4,S2,0.65,51.89,6.69
2022-08-25,3,S12,1.41,13.92,1.37
2022-08-25,3,S2,0.65,51.26,6.67
2022-08-25,2,S2,0.65,51.44,6.73
2022-08-25,3,S3,0.98,52.72,3.44
2022-08-25,2,S11,0.98,8.18,1.67
2022-08-25,4,S3,0.99,53.94,4.01
2022-08-25,2,S3,1.02,52.89,3.36
2022-08-25,4,S11,0.99,8.8,1.14
2022-08-25,4,S12,1.38,13.83,1.17
2022-08-25,3,S1,0.63,48.34,10.06
2022-08-25,4,S1,0.63,48.79,8.53
2022-08-26,4,S1,0.63,48.63,8.43
2022-08-26,4,S11,1,8.82,1.13
2022-08-26,3,S2,0.65,51.06,6.54
2022-08-26,4,S2,0.65,51.78,6.64
2022-08-26,4,S3,0.98,54.13,4.02
2022-08-26,3,S12,1.36,13.94,1.3
2022-08-26,3,S1,0.63,48.34,10.02
2022-08-26,2,S12,1.37,13.74,1.5
2022-08-26,3,S11,0.99,8.28,1.64
2022-08-26,4,S12,1.39,13.86,1.11
2022-08-26,2,S1,0.64,48.76,9.98
2022-08-26,2,S2,0.66,51.61,6.61
2022-08-26,2,S3,1.02,53.36,3.36
2022-08-26,3,S3,0.99,52.86,3.28
2022-08-26,2,S11,0.97,8.16,1.7
2022-08-27,2,S11,0.97,8.14,1.71
2022-08-27,2,S1,0.63,48.35,9.76
2022-08-27,4,S12,1.39,14.07,1.14
2022-08-27,4,S11,1.01,8.85,1.09
2022-08-27,3,S12,1.4,13.88,1.36
2022-08-27,4,S3,0.99,54.34,4.03
2022-08-27,3,S3,0.98,52.76,3.44
2022-08-27,3,S1,0.64,48.34,10.13
2022-08-27,2,S2,0.64,52.03,6.55
2022-08-27,3,S2,0.65,51.13,6.64
2022-08-27,3,S11,1.01,8.31,1.51
2022-08-27,4,S2,0.65,51.76,6.65
2022-08-27,2,S12,1.38,13.6,1.51
2022-08-27,2,S3,1.02,53.44,3.32
2022-08-27,4,S1,0.63,48.64,8.47
2022-08-28,2,S2,0.67,51.7,6.54
2022-08-28,4,S2,0.65,51.9,6.65
2022-08-28,2,S1,0.65,48.18,9.78
2022-08-28,2,S12,1.39,13.5,1.51
2022-08-28,3,S12,1.4,13.93,1.29
2022-08-28,4,S12,1.41,13.94,1.08
2022-08-28,2,S3,1.03,53.08,3.32
2022-08-28,3,S3,0.99,52.88,3.35
2022-08-28,3,S11,1,8.23,1.62
2022-08-28,4,S1,0.63,48.88,8.51
2022-08-28,2,S11,0.98,8.1,1.72
2022-08-28,4,S3,0.99,54.2,4.1
2022-08-28,3,S1,0.64,48.44,9.78
2022-08-28,4,S11,1.01,8.78,1.12
2022-08-28,3,S2,0.65,51.18,6.66
2022-08-29,3,S2,0.65,51.27,6.4
2022-08-29,3,S11,1,8.32,1.65
2022-08-29,2,S1,0.64,48.2,9.91
2022-08-29,2,S3,1.03,52.97,3.32
2022-08-29,2,S2,0.67,51.54,6.59
2022-08-29,3,S12,1.36,13.81,1.37
2022-08-29,4,S3,0.99,54.28,4.06
2022-08-29,4,S1,0.63,48.69,8.47
2022-08-29,2,S12,1.38,13.57,1.5
2022-08-29,3,S1,0.64,48.45,9.75
2022-08-29,3,S3,0.98,52.99,3.47
2022-08-29,2,S11,0.98,8.04,1.7
2022-08-29,4,S2,0.65,51.82,6.61
2022-08-30,4,S11,1,8.82,1.16
2022-08-30,2,S3,1.03,53.17,3.33
2022-08-30,3,S3,0.98,53.2,3.48
2022-08-30,2,S11,0.97,8.09,1.69
2022-08-30,4,S2,0.65,51.89,6.58
2022-08-30,3,S11,0.99,8.31,1.59
2022-08-30,2,S1,0.65,48.68,9.98
2022-08-30,4,S3,0.99,54.24,4.04
2022-08-30,3,S2,0.64,51.21,6.53
2022-08-30,2,S12,1.37,13.58,1.5
2022-08-30,4,S12,1.4,13.87,1.12
2022-08-30,4,S1,0.63,48.59,8.26
2022-08-30,3,S12,1.38,13.87,1.4
2022-08-30,3,S1,0.63,48.41,9.77
2022-08-30,2,S2,0.67,51.77,6.64
2022-08-31,4,S3,0.98,54.19,4.05
2022-08-31,4,S12,1.38,13.85,1.09
2022-08-31,3,S12,1.39,13.89,1.36
2022-08-31,3,S11,0.99,8.29,1.59
2022-08-31,4,S2,0.65,51.49,6.57
2022-08-31,3,S1,0.63,48.46,9.87
2022-08-31,3,S2,0.64,51.14,6.54
2022-08-31,2,S1,0.64,48.55,9.88
2022-08-31,4,S1,0.63,48.85,8.43
2022-08-31,2,S11,0.97,8.06,1.71
2022-08-31,2,S12,1.38,13.6,1.5
2022-08-31,3,S3,0.98,53.01,3.34
2022-08-31,4,S11,1,8.8,1.11
2022-08-31,2,S3,1.02,53.39,3.34
2022-09-01,2,S12,1.37,13.65,1.5
2022-09-01,4,S12,1.41,13.98,1.1
2022-09-01,4,S3,0.98,54.32,4.06
2022-09-01,2,S3,1.03,53.11,3.35
2022-09-01,4,S11,1.01,8.83,1.11
2022-09-01,4,S2,0.65,51.84,6.64
2022-09-01,3,S11,0.99,8.27,1.55
2022-09-01,2,S11,0.97,8.11,1.71
2022-09-01,2,S2,0.67,51.69,6.75
2022-09-01,3,S3,0.98,53.09,3.4
2022-09-01,4,S1,0.63,48.65,8.33
2022-09-01,3,S1,0.63,48.37,9.86
2022-09-01,3,S2,0.64,51.19,6.5
2022-09-01,3,S12,1.39,13.88,1.35
2022-09-01,2,S1,0.65,48.31,9.77
2022-09-02,4,S1,0.63,48.22,8.37
2022-09-02,3,S12,1.39,13.98,1.3
2022-09-02,4,S2,0.65,51.85,6.64
2022-09-02,3,S1,0.63,48.36,9.88
2022-09-02,4,S3,0.99,54.32,3.98
2022-09-02,2,S11,0.97,8.07,1.73
2022-09-02,3,S11,0.99,8.28,1.61
2022-09-02,4,S11,0.98,8.92,1.11
2022-09-02,3,S3,0.98,52.91,3.47
2022-09-02,2,S12,1.38,13.67,1.53
2022-09-02,3,S2,0.64,51.07,6.63
2022-09-02,2,S3,1.03,52.88,3.44
2022-09-03,4,S3,0.99,54.45,4.11
2022-09-03,3,S11,0.99,8.26,1.65
2022-09-03,3,S12,1.39,13.9,1.32
2022-09-03,4,S1,0.63,48.7,8.26
2022-09-03,3,S3,0.97,52.83,3.48
2022-09-03,3,S2,0.64,51.08,6.72
2022-09-03,3,S1,0.63,48.26,9.8
2022-09-03,4,S2,0.65,51.98,6.62
2022-09-04,3,S3,0.98,52.86,3.54
2022-09-04,3,S1,0.63,48.37,9.82
2022-09-04,4,S1,0.63,48.58,8.28
2022-09-04,4,S12,1.36,13.65,1.16
2022-09-04,3,S2,0.64,51.33,6.79
2022-09-04,3,S12,1.39,13.92,1.32
2022-09-04,4,S11,0.98,8.18,1.08
2022-09-04,4,S3,1,53.73,4.21
2022-09-04,4,S2,0.64,51.91,6.64
2022-09-04,3,S11,0.99,8.25,1.61
2022-09-05,4,S12,1.35,13.82,1.15
2022-09-05,4,S11,1,8.82,1.1
2022-09-05,3,S3,0.98,52.96,3.49
2022-09-05,4,S1,0.63,48.84,8.27
2022-09-05,4,S2,0.65,51.96,6.57
2022-09-05,3,S1,0.63,48.22,9.74
2022-09-05,3,S2,0.64,51.18,6.74
2022-09-05,3,S11,1,8.31,1.54
2022-09-05,4,S3,0.99,54.49,4.1
2022-09-05,3,S12,1.37,14,1.31
2022-09-06,4,S12,1.37,13.36,1.13
2022-09-06,4,S11,0.97,7.8,0.99
2022-09-06,2,S1,0.65,48.42,9.97
2022-09-06,2,S2,0.67,51.57,6.83
2022-09-06,4,S3,1,53.21,4
2022-09-06,2,S11,0.97,8.07,1.73
2022-09-06,2,S12,1.37,13.65,1.52
2022-09-06,2,S3,1.04,53.23,3.46
2022-09-06,4,S1,0.63,48.25,7.93
2022-09-06,3,S2,0.64,51.28,6.75
2022-09-06,3,S1,0.63,48.3,9.78
2022-09-06,4,S2,0.65,51.73,6.44
2022-09-06,3,S3,0.97,52.87,3.48
2022-09-07,4,S2,0.65,51.56,6.48
2022-09-07,4,S1,0.63,48.27,7.99
2022-09-07,4,S11,0.97,7.84,0.97
2022-09-07,4,S3,1,53.24,4.02
2022-09-07,3,S3,0.98,52.73,3.55
2022-09-07,4,S12,1.38,13.35,1.09
2022-09-07,3,S2,0.64,51.18,6.82
2022-09-07,3,S12,1.39,13.89,1.35
2022-09-07,2,S12,1.37,13.61,1.53
2022-09-07,2,S11,0.99,8.11,1.7
2022-09-07,3,S11,1,8.28,1.59
2022-09-07,2,S3,1.03,53.11,3.49
2022-09-07,3,S1,0.63,48.17,9.67
2022-09-07,2,S1,0.65,48.59,10.03
2022-09-07,2,S2,0.67,51.48,6.78
2022-09-08,3,S2,0.65,51.26,6.81
2022-09-08,2,S3,1.03,53.47,3.45
2022-09-08,2,S12,1.37,13.69,1.53
2022-09-08,2,S2,0.67,51.76,6.67
2022-09-08,4,S1,0.63,48.52,8.03
2022-09-08,4,S12,1.35,13.32,1.1
2022-09-08,3,S1,0.63,48.28,9.77
2022-09-08,3,S11,0.99,8.24,1.65
2022-09-08,4,S11,0.95,7.72,1.03
2022-09-08,2,S1,0.64,48.88,10.86
2022-09-08,4,S2,0.65,51.71,6.49
2022-09-08,2,S11,0.98,8.16,1.72
2022-09-08,4,S3,1,53.25,4.06
2022-09-08,3,S3,0.98,52.92,3.53
2022-09-08,3,S12,1.37,13.93,1.33
2022-09-09,4,S12,1.38,13.38,1.13
2022-09-09,3,S12,1.39,13.92,1.42
2022-09-09,3,S3,0.98,53.09,3.57
2022-09-09,2,S12,1.37,13.69,1.55
2022-09-09,4,S2,0.65,51.59,6.45
2022-09-09,3,S2,0.64,51.13,6.7
2022-09-09,2,S2,0.67,51.8,6.83
2022-09-09,4,S11,0.97,7.78,1
2022-09-09,4,S1,0.63,48.4,8.26
2022-09-09,2,S3,1.04,53.5,3.44
2022-09-09,3,S1,0.63,48.44,10.41
2022-09-09,2,S11,0.98,8.12,1.76
2022-09-09,4,S3,1,53.16,4.04
2022-09-09,2,S1,0.65,48.92,10.3
2022-09-10,3,S11,1,8.3,1.56
2022-09-10,3,S1,0.63,48.42,10.04
2022-09-10,3,S3,0.97,52.86,3.54
2022-09-10,4,S3,1,53.16,4.03
2022-09-10,3,S2,0.64,51.18,6.75
2022-09-10,3,S12,1.4,13.9,1.36
2022-09-10,2,S1,0.65,48.54,10.12
2022-09-10,4,S2,0.65,51.65,6.52
2022-09-10,2,S3,1.04,53.4,3.43
2022-09-10,2,S12,1.38,13.63,1.55
2022-09-10,2,S2,0.67,51.78,6.72
2022-09-10,2,S11,0.98,8.1,1.77
2022-09-10,4,S1,0.63,48.53,8.34
2022-09-11,4,S2,0.65,51.7,6.49
2022-09-11,2,S2,0.67,51.71,6.67
2022-09-11,4,S1,0.63,48.41,8.03
2022-09-11,3,S2,0.64,51.28,6.75
2022-09-11,3,S1,0.63,48.22,9.46
2022-09-11,4,S12,1.37,13.3,1.11
2022-09-11,3,S11,1,8.38,1.52
2022-09-11,3,S3,0.97,52.73,3.55
2022-09-11,3,S12,1.39,13.91,1.32
2022-09-11,2,S12,1.36,13.62,1.56
2022-09-11,2,S1,0.65,48.24,10.22
2022-09-11,2,S3,1.03,53.63,3.42
2022-09-11,4,S11,0.97,7.87,1
2022-09-11,4,S3,1,53.18,4.02
2022-09-11,2,S11,0.97,8.17,1.71
2022-09-12,3,S12,1.39,13.98,1.42
2022-09-12,3,S11,1,8.33,1.64
2022-09-12,2,S1,0.64,48.48,10.19
2022-09-12,2,S2,0.67,51.72,6.8
2022-09-12,3,S1,0.63,48.43,9.6
2022-09-12,2,S3,1.03,53.36,3.42
2022-09-12,4,S3,1,53.16,4.03
2022-09-12,2,S11,0.98,8.17,1.74
2022-09-12,2,S12,1.38,13.67,1.54
2022-09-12,4,S12,1.36,13.32,1.11
2022-09-12,4,S1,0.63,48.24,7.88
2022-09-12,4,S2,0.65,51.55,6.47
2022-09-12,4,S11,0.96,7.77,1.02
2022-09-12,3,S3,0.96,52.65,3.44
2022-09-12,3,S2,0.65,51.38,6.71
2022-09-13,4,S3,1,53.11,3.97
2022-09-13,2,S3,1.03,53.58,3.46
2022-09-13,3,S12,1.39,13.96,1.37
2022-09-13,3,S1,0.63,48.36,10
2022-09-13,3,S2,0.65,51.36,6.74
2022-09-13,2,S1,0.65,48.7,9.6
2022-09-13,3,S11,0.99,8.3,1.64
2022-09-13,4,S12,1.37,13.29,1.12
2022-09-13,4,S11,0.96,7.75,1
2022-09-13,2,S12,1.38,13.7,1.53
2022-09-13,4,S1,0.63,48.26,8.02
2022-09-13,3,S3,0.98,53.01,3.53
2022-09-13,2,S2,0.67,51.58,6.69
2022-09-13,2,S11,0.98,8.17,1.73
2022-09-13,4,S2,0.65,51.72,6.43
2022-09-14,2,S11,0.98,8.15,1.73
2022-09-14,4,S1,0.63,48.41,8.16
2022-09-14,3,S2,0.64,51.39,6.77
2022-09-14,4,S3,1,53.28,4.08
2022-09-14,3,S1,0.63,48.53,10.09
2022-09-14,4,S11,0.95,7.77,0.99
2022-09-14,2,S3,1.03,53.5,3.46
2022-09-14,2,S12,1.38,13.73,1.53
2022-09-14,2,S1,0.65,48.81,9.92
2022-09-14,2,S2,0.67,52.04,6.79
2022-09-14,4,S2,0.65,51.59,6.45
2022-09-14,3,S12,1.38,13.97,1.36
2022-09-14,3,S11,0.99,8.28,1.62
2022-09-14,3,S3,0.98,52.91,3.57
2022-09-14,4,S12,1.36,13.39,1.1
2022-09-15,2,S12,1.37,13.72,1.52
2022-09-15,2,S2,0.67,51.82,6.8
2022-09-15,3,S12,1.38,13.88,1.37
2022-09-15,4,S11,0.96,7.76,0.98
2022-09-15,4,S2,0.64,51.55,6.4
2022-09-15,3,S1,0.63,48.51,10.08
2022-09-15,2,S3,1.02,53.49,3.49
2022-09-15,3,S11,0.99,8.27,1.65
2022-09-15,3,S2,0.65,51.4,6.76
2022-09-15,4,S12,1.37,13.3,1.1
2022-09-15,2,S1,0.65,48.78,9.72
2022-09-15,4,S1,0.62,48.42,8.03
2022-09-15,2,S11,0.98,8.16,1.73
2022-09-15,3,S3,0.99,53.06,3.52
2022-09-16,3,S2,0.65,51.47,6.73
2022-09-16,4,S1,0.64,48.59,8.43
2022-09-16,4,S3,1,53.22,4.16
2022-09-16,2,S11,0.98,8.13,1.74
2022-09-16,3,S12,1.37,14.03,1.32
2022-09-16,3,S11,1,8.36,1.56
2022-09-16,4,S2,0.64,51.7,6.42
2022-09-16,2,S2,0.67,51.43,6.86
2022-09-16,2,S1,0.65,48.74,10.28
2022-09-16,2,S12,1.38,13.68,1.52
2022-09-16,3,S1,0.64,48.52,10
2022-09-16,3,S3,0.98,53.44,3.56
2022-09-16,2,S3,1.03,53.34,3.44
2022-09-17,3,S12,1.39,13.96,1.37
2022-09-17,3,S11,1.01,8.4,1.57
2022-09-17,2,S1,0.65,48.71,10.37
2022-09-17,2,S11,0.98,8.13,1.74
2022-09-17,4,S12,1.36,13.37,1.11
2022-09-17,3,S3,0.98,53.02,3.51
2022-09-17,4,S3,1,53.23,4.1
2022-09-17,4,S1,0.63,48.3,7.86
2022-09-17,2,S12,1.38,13.73,1.52
2022-09-17,2,S2,0.67,51.84,6.9
2022-09-17,3,S2,0.64,51.26,6.69
2022-09-17,4,S11,0.97,7.81,1.01
2022-09-17,4,S2,0.65,51.56,6.44
2022-09-17,3,S1,0.63,48.48,9.66
2022-09-17,2,S3,1.03,53.56,3.47
2022-09-18,4,S3,1,53.26,4.06
2022-09-18,3,S3,0.99,53.15,3.59
2022-09-18,3,S2,0.64,51.49,6.73
2022-09-18,2,S1,0.64,48.57,9.59
2022-09-18,4,S2,0.65,51.69,6.41
2022-09-18,2,S3,1.03,53.4,3.46
2022-09-18,2,S11,0.98,8.17,1.74
2022-09-18,4,S11,0.97,7.82,1.02
2022-09-18,2,S2,0.67,51.73,6.74
2022-09-18,3,S1,0.64,48.6,10.06
2022-09-18,2,S12,1.37,13.65,1.5
2022-09-18,4,S12,1.37,13.37,1.13
2022-09-18,3,S12,1.39,13.99,1.36
2022-09-18,4,S1,0.63,48.46,7.96
2022-09-18,3,S11,1,8.31,1.59
2022-09-19,3,S12,1.38,13.92,1.4
2022-09-19,3,S11,0.99,8.27,1.65
2022-09-19,2,S11,0.98,8.18,1.75
2022-09-19,2,S2,0.66,51.73,6.74
2022-09-19,4,S1,0.64,48.56,8.17
2022-09-19,2,S12,1.37,13.72,1.53
2022-09-19,4,S2,0.65,51.61,6.46
2022-09-19,3,S2,0.64,51.13,6.78
2022-09-19,2,S1,0.64,48.7,9.66
2022-09-19,2,S3,1.02,53.58,3.44
2022-09-19,3,S1,0.62,48.3,10.3
2022-09-19,4,S3,1,53.24,4.03
2022-09-20,4,S3,1.01,53.07,4.04
2022-09-20,3,S2,0.64,51.23,6.8
2022-09-20,3,S12,1.36,13.92,1.39
2022-09-20,2,S1,0.63,48.48,9.79
2022-09-20,3,S1,0.63,48.33,9.98
2022-09-20,2,S11,0.97,8.26,1.73
2022-09-20,2,S3,1.01,53.78,3.43
2022-09-20,4,S11,0.96,7.79,1
2022-09-20,2,S12,1.36,13.92,1.54
2022-09-20,2,S2,0.65,51.97,6.81
2022-09-20,4,S1,0.63,48.35,8.06
2022-09-20,4,S2,0.65,51.75,6.5
2022-09-20,4,S12,1.37,13.34,1.12
2022-09-20,3,S3,0.98,52.75,3.62
2022-09-20,3,S11,1,8.35,1.59
2022-09-21,4,S1,0.63,48.35,8.14
2022-09-21,2,S1,0.63,48.93,10.07
2022-09-21,4,S2,0.65,51.74,6.45
2022-09-21,3,S11,1,8.31,1.64
2022-09-21,4,S12,1.36,13.35,1.12
2022-09-21,3,S12,1.38,13.89,1.44
2022-09-21,2,S11,0.97,8.29,1.77
2022-09-21,4,S11,0.97,7.81,1.02
2022-09-21,3,S1,0.63,48.31,9.89
2022-09-21,2,S3,1.01,54.08,3.46
2022-09-21,2,S2,0.65,52.2,6.79
2022-09-21,4,S3,1,53.21,4.08
2022-09-21,2,S12,1.37,13.89,1.55
2022-09-21,3,S2,0.64,51.3,6.69
2022-09-22,4,S1,0.63,48.52,8.35
2022-09-22,3,S3,0.97,52.75,3.54
2022-09-22,4,S3,1,53.17,4.05
2022-09-22,2,S12,1.37,13.9,1.56
2022-09-22,3,S1,0.63,48.31,10.15
2022-09-22,3,S11,1,8.27,1.68
2022-09-22,4,S2,0.65,51.48,6.45
2022-09-22,4,S11,0.97,8.13,1.02
2022-09-22,4,S12,1.37,13.43,1.16
2022-09-22,2,S1,0.62,48.97,9.7
2022-09-22,2,S2,0.65,51.99,6.76
2022-09-22,2,S11,0.97,8.25,1.8
2022-09-22,3,S2,0.64,51.18,6.77
2022-09-22,3,S12,1.38,13.88,1.44
2022-09-22,2,S3,1.01,53.97,3.45
2022-09-23,4,S11,0.96,7.78,1
2022-09-23,3,S2,0.64,51.09,6.68
2022-09-23,4,S3,1,53.35,4.15
2022-09-23,4,S2,0.65,51.71,6.53
2022-09-23,2,S12,1.36,13.96,1.57
2022-09-23,3,S1,0.63,48.23,9.69
2022-09-23,4,S1,0.63,48.37,7.92
2022-09-23,2,S3,1,54.05,3.48
2022-09-23,3,S3,0.98,52.91,3.51
2022-09-23,2,S2,0.65,52.37,6.87
2022-09-23,4,S12,1.36,13.51,1.19
2022-09-23,3,S11,0.99,8.29,1.63
2022-09-23,2,S11,0.97,8.29,1.76
2022-09-23,3,S12,1.39,13.95,1.34
2022-09-23,2,S1,0.62,48.78,10.29
2022-09-24,4,S12,1.37,13.47,1.16
2022-09-24,2,S3,1.01,53.84,3.43
2022-09-24,2,S11,0.96,8.26,1.74
2022-09-24,3,S2,0.65,51.25,6.68
2022-09-24,2,S12,1.36,13.82,1.63
2022-09-24,4,S2,0.65,51.92,6.55
2022-09-24,2,S1,0.62,48.45,10.06
2022-09-24,4,S11,0.97,7.88,1.07
2022-09-24,3,S11,0.99,8.23,1.67
2022-09-24,4,S3,1,53.46,4.13
2022-09-24,3,S3,0.98,52.82,3.46
2022-09-24,4,S1,0.63,48.59,8.19
2022-09-24,3,S1,0.63,48.21,9.64
2022-09-24,2,S2,0.65,51.65,6.74
2022-09-24,3,S12,1.39,13.71,1.32
2022-09-25,4,S11,0.97,7.88,1.05
2022-09-25,3,S2,0.65,51.66,7.15
2022-09-25,2,S3,1.01,54.3,3.47
2022-09-25,2,S11,0.96,8.26,1.78
2022-09-25,2,S12,1.36,13.92,1.57
2022-09-25,2,S1,0.62,48.92,9.95
2022-09-25,3,S11,1,8.28,1.68
2022-09-25,4,S12,1.38,13.52,1.2
2022-09-25,3,S12,1.37,13.85,1.43
2022-09-25,2,S2,0.65,52.33,6.86
2022-09-26,2,S11,0.98,8.2,1.78
2022-09-26,4,S2,0.65,51.56,6.47
2022-09-26,2,S12,1.36,13.66,1.59
2022-09-26,2,S1,0.65,48.63,10.1
2022-09-26,3,S1,0.64,48.14,9.72
2022-09-26,2,S3,1.03,53.22,3.5
2022-09-26,3,S2,0.65,51.11,6.82
2022-09-26,2,S2,0.67,52.1,6.89
2022-09-26,3,S12,1.36,13.92,1.39
2022-09-26,3,S11,1,8.28,1.62
2022-09-26,4,S1,0.63,48.29,7.91
2022-09-27,3,S2,0.65,51.17,6.74
2022-09-27,4,S11,0.96,7.75,1.01
2022-09-27,2,S12,1.38,13.57,1.58
2022-09-27,4,S12,1.37,13.35,1.14
2022-09-27,2,S2,0.67,51.47,6.6
2022-09-27,2,S11,0.98,8.13,1.73
2022-09-27,3,S3,0.99,52.88,3.44
2022-09-27,4,S2,0.65,51.71,6.5
2022-09-27,2,S3,1.03,53.08,3.54
2022-09-27,3,S1,0.64,48.24,9.76
2022-09-27,4,S1,0.63,48.31,7.94
2022-09-27,4,S3,1,53.12,4.1
2022-09-27,2,S1,0.65,48.44,10.17
2022-09-27,3,S11,0.99,8.27,1.66
2022-09-27,3,S12,1.38,13.88,1.41
2022-09-28,3,S1,0.63,48.21,9.72
2022-09-28,3,S2,0.65,51.02,6.67
2022-09-28,3,S11,1,8.31,1.61
2022-09-28,3,S12,1.39,13.9,1.36
2022-09-28,3,S3,0.99,52.92,3.39
2022-09-29,2,S3,1.02,53.32,3.5
2022-09-29,2,S2,0.66,51.56,6.8
2022-09-29,3,S12,1.39,13.94,1.37
2022-09-29,2,S12,1.37,13.62,1.6
2022-09-29,3,S3,0.99,52.86,3.55
2022-09-29,2,S1,0.64,48.64,10.21
2022-09-29,3,S11,1.01,8.34,1.6
2022-09-29,4,S2,0.65,51.54,6.49
2022-09-29,4,S1,0.63,48.33,8.07
2022-09-29,4,S12,1.37,13.38,1.11
2022-09-29,3,S2,0.65,51.19,6.65
2022-09-29,4,S3,1.01,53.26,3.98
2022-09-29,3,S1,0.64,48.2,9.47
2022-09-29,4,S11,0.97,7.84,1
2022-09-29,2,S11,0.96,8.06,1.77
2022-09-30,4,S11,0.97,7.82,1.02
2022-09-30,3,S12,1.4,13.9,1.35
2022-09-30,4,S1,0.63,48.29,7.64
2022-09-30,3,S1,0.64,48.27,9.7
2022-09-30,3,S3,0.99,52.81,3.51
2022-09-30,4,S2,0.65,51.86,6.46
2022-09-30,3,S2,0.65,51.34,6.63
2022-09-30,4,S12,1.35,13.29,1.13
2022-09-30,4,S3,1,53.29,4.1
2022-09-30,3,S11,1.01,8.34,1.6
2022-10-01,2,S2,0.66,51.77,6.84
2022-10-01,3,S12,1.39,13.95,1.49
2022-10-01,3,S1,0.64,48.52,9.64
2022-10-01,2,S12,1.37,13.59,1.56
2022-10-01,3,S11,0.99,8.25,1.7
2022-10-01,2,S1,0.64,48.6,10.16
2022-10-01,3,S2,0.66,51.8,6.87
2022-10-01,3,S3,0.99,52.82,3.6
2022-10-01,2,S3,1.02,53.21,3.48
2022-10-01,2,S11,0.97,8.1,1.75
2022-10-02,3,S1,0.63,48.52,9.69
2022-10-02,2,S1,0.65,48.65,10.11
2022-10-02,2,S11,0.98,8.17,1.77
2022-10-02,3,S2,0.65,51.62,6.78
2022-10-02,4,S2,0.65,52.01,6.56
2022-10-02,3,S12,1.37,14.02,1.56
2022-10-02,2,S12,1.39,13.69,1.58
2022-10-02,4,S3,1,53.31,4.11
2022-10-02,4,S12,1.34,13.3,1.23
2022-10-02,4,S11,0.97,7.78,1.06
2022-10-02,2,S3,1.03,53.56,3.5
2022-10-02,2,S2,0.67,52.01,6.81
2022-10-02,4,S1,0.63,48.38,7.91
2022-10-02,3,S11,0.99,8.3,1.7
2022-10-03,3,S11,1.01,8.3,1.62
2022-10-03,4,S2,0.66,52.15,6.71
2022-10-03,4,S12,1.36,13.34,1.21
2022-10-03,2,S3,1.02,53.36,3.48
2022-10-03,3,S3,0.98,52.7,3.3
2022-10-03,2,S11,0.97,8.17,1.77
2022-10-03,4,S1,0.62,48.44,8.1
2022-10-03,3,S12,1.38,14.04,1.42
2022-10-03,3,S2,0.65,51.55,6.85
2022-10-03,2,S1,0.64,48.3,9.91
2022-10-03,4,S11,0.97,7.8,1.04
2022-10-03,3,S1,0.63,48.42,9.57
2022-10-03,2,S12,1.37,13.7,1.59
2022-10-03,2,S2,0.66,51.6,6.88
2022-10-04,4,S2,0.65,51.77,6.34
2022-10-04,4,S11,0.97,7.81,1.01
2022-10-04,4,S12,1.36,13.34,1.16
2022-10-04,4,S3,1,53.12,3.99
2022-10-04,2,S12,1.36,13.64,1.62
2022-10-04,3,S3,0.99,52.9,3.64
2022-10-04,2,S2,0.67,51.56,7.03
2022-10-04,3,S1,0.64,48.35,9.77
2022-10-04,3,S11,1,8.33,1.57
2022-10-04,3,S12,1.39,13.97,1.36
2022-10-04,2,S11,0.98,8.11,1.74
2022-10-04,4,S1,0.64,48.44,7.96
2022-10-04,2,S1,0.65,48.18,10.03
2022-10-04,3,S2,0.65,51.22,6.55
2022-10-04,2,S3,1.02,53.14,3.5
2022-10-05,3,S1,0.64,48.4,9.8
2022-10-05,2,S2,0.66,51.52,6.8
2022-10-05,3,S3,1,53.01,3.5
2022-10-05,4,S3,1,53.08,4.07
2022-10-05,4,S1,0.64,48.23,7.96
2022-10-05,4,S11,0.97,7.8,1.01
2022-10-05,2,S3,1.02,53.08,3.51
2022-10-05,3,S2,0.65,51.61,6.71
2022-10-05,3,S11,1.01,8.31,1.62
2022-10-05,2,S1,0.64,48.09,10.06
2022-10-05,4,S2,0.65,51.75,6.47
2022-10-05,4,S12,1.35,13.32,1.15
2022-10-05,3,S12,1.39,13.95,1.37
2022-10-05,2,S12,1.36,13.6,1.59
2022-10-05,2,S11,0.96,8.04,1.75
2022-10-06,4,S1,0.64,48.35,7.89
2022-10-06,4,S3,1,53.25,4.06
2022-10-06,3,S1,0.64,48.27,10.01
2022-10-06,3,S12,1.4,13.92,1.46
2022-10-06,2,S1,0.65,48.4,10.16
2022-10-06,3,S3,0.98,52.88,3.22
2022-10-06,3,S11,1.01,8.23,1.78
2022-10-06,4,S11,0.97,7.76,1.03
2022-10-06,2,S12,1.36,13.7,1.59
2022-10-06,2,S2,0.66,51.89,6.79
2022-10-06,4,S12,1.37,13.32,1.16
2022-10-06,2,S3,1.02,53.33,3.48
2022-10-06,2,S11,0.97,8.11,1.76
2022-10-07,4,S3,1,53.37,4.07
2022-10-07,3,S1,0.63,48.26,9.79
2022-10-07,4,S2,0.65,51.82,6.47
2022-10-07,2,S3,1.03,53.42,3.48
2022-10-07,3,S11,1,8.33,1.61
2022-10-07,2,S2,0.66,51.77,6.89
2022-10-07,4,S12,1.37,13.41,1.17
2022-10-07,4,S11,0.97,7.84,1.04
2022-10-07,2,S12,1.36,13.64,1.6
2022-10-07,4,S1,0.64,48.38,8.03
2022-10-07,3,S2,0.65,51.65,6.79
2022-10-07,2,S1,0.64,48.52,10.04
2022-10-07,3,S3,0.98,53.25,3.37
2022-10-07,2,S11,0.97,8.08,1.75
2022-10-07,3,S12,1.39,14.04,1.4
2022-10-08,2,S11,0.97,8.14,1.72
2022-10-08,3,S12,1.39,14.02,1.37
2022-10-08,3,S2,0.65,51.71,6.83
2022-10-08,2,S2,0.66,51.68,6.82
2022-10-08,4,S12,1.38,13.38,1.1
2022-10-08,2,S12,1.36,13.63,1.56
2022-10-08,3,S1,0.63,48.4,9.76
2022-10-08,4,S11,0.97,7.82,1.02
2022-10-08,4,S3,1,53.2,4.04
2022-10-08,4,S2,0.65,51.75,6.5
2022-10-08,4,S1,0.64,48.35,8.05
2022-10-08,3,S11,1,8.37,1.58
2022-10-08,2,S1,0.64,48.26,9.9
2022-10-08,2,S3,1.02,53.32,3.47
2022-10-09,4,S11,0.97,7.8,1.01
2022-10-09,2,S1,0.64,48.71,10.04
2022-10-09,4,S1,0.64,48.32,8.02
2022-10-09,2,S12,1.37,13.69,1.58
2022-10-09,3,S3,0.98,52.94,3.54
2022-10-09,3,S2,0.65,51.49,6.72
2022-10-09,3,S1,0.63,48.44,9.66
2022-10-09,3,S11,1,8.32,1.6
2022-10-09,4,S2,0.66,51.84,6.49
2022-10-09,3,S12,1.39,14.05,1.36
2022-10-09,2,S2,0.66,51.91,6.86
2022-10-09,4,S12,1.38,13.38,1.15
2022-10-09,2,S3,1.02,53.52,3.54
2022-10-09,2,S11,0.97,8.12,1.77
2022-10-09,4,S3,1,53.16,3.99
2022-10-10,4,S3,1.01,53.29,4
2022-10-10,4,S11,0.97,7.82,1.02
2022-10-10,4,S12,1.37,13.39,1.12
2022-10-10,2,S1,0.64,48.43,10.21
2022-10-10,2,S12,1.36,13.7,1.59
2022-10-10,4,S1,0.63,48.28,7.94
2022-10-10,3,S3,0.99,53.06,3.48
2022-10-10,4,S2,0.66,51.91,6.5
2022-10-10,3,S2,0.65,51.62,6.77
2022-10-10,3,S1,0.63,48.45,9.59
2022-10-10,3,S11,0.99,8.3,1.61
2022-10-10,2,S11,0.97,8.13,1.78
2022-10-10,2,S2,0.67,51.6,6.78
2022-10-10,3,S12,1.39,13.95,1.34
2022-10-10,2,S3,1.03,53.31,3.48
2022-10-11,2,S3,1.01,53.16,3.48
2022-10-11,2,S1,0.65,48.4,9.91
2022-10-11,2,S11,0.96,8.06,1.83
2022-10-11,2,S2,0.67,51.78,6.92
2022-10-11,3,S12,1.39,14.02,1.36
2022-10-11,3,S3,0.98,53.18,3.31
2022-10-11,4,S2,0.66,51.88,6.52
2022-10-11,4,S1,0.64,48.31,7.9
2022-10-11,4,S11,0.96,7.76,1.01
2022-10-11,2,S12,1.35,13.62,1.57
2022-10-11,3,S2,0.65,51.48,6.82
2022-10-11,3,S1,0.63,48.35,9.88
2022-10-11,3,S11,1,8.27,1.68
2022-10-11,4,S3,1.01,53.24,4.08
2022-10-11,4,S12,1.37,13.35,1.16
2022-10-12,3,S1,0.63,48.24,9.64
2022-10-12,4,S1,0.63,48.26,7.9
2022-10-12,2,S11,0.96,8.1,1.76
2022-10-12,4,S3,1,53.14,3.92
2022-10-12,3,S12,1.39,13.97,1.36
2022-10-12,3,S2,0.65,51.45,6.62
2022-10-12,2,S12,1.35,13.62,1.57
2022-10-12,4,S11,0.97,7.78,0.99
2022-10-12,4,S12,1.37,13.37,1.13
2022-10-12,2,S1,0.64,48.55,10.06
2022-10-12,3,S3,0.98,53.06,3.39
2022-10-12,2,S3,1.03,53.36,3.42
2022-10-12,2,S2,0.67,51.85,6.73
2022-10-12,4,S2,0.66,51.78,6.38
2022-10-12,3,S11,1,8.3,1.59
2022-10-13,3,S3,0.98,52.84,3.49
2022-10-13,3,S11,0.99,8.28,1.64
2022-10-13,4,S1,0.64,48.19,7.69
2022-10-13,4,S2,0.66,51.67,6.26
2022-10-13,4,S3,1.01,53.23,4
2022-10-13,4,S12,1.37,13.34,1.13
2022-10-13,4,S11,0.97,7.83,1.02
2022-10-13,3,S2,0.65,51.29,6.65
2022-10-13,3,S1,0.63,48.26,9.68
2022-10-13,3,S12,1.39,14,1.37
2022-10-14,3,S12,1.39,13.98,1.33
2022-10-14,4,S3,1.01,52.97,3.86
2022-10-14,3,S2,0.64,51.3,6.68
2022-10-14,4,S11,0.98,7.85,1.02
2022-10-14,2,S3,1.02,53.13,3.43
2022-10-14,2,S12,1.37,13.6,1.54
2022-10-14,3,S1,0.63,48.26,9.55
2022-10-14,2,S11,0.97,8.07,1.81
2022-10-14,3,S3,0.97,52.82,3.54
2022-10-14,4,S12,1.37,13.27,1.09
2022-10-14,3,S11,1,8.32,1.57
2022-10-14,4,S2,0.66,51.67,6.24
2022-10-14,2,S2,0.65,51.54,7.03
2022-10-14,4,S1,0.63,48.14,7.62
2022-10-15,2,S1,0.63,48.58,10.9
2022-10-15,3,S1,0.63,48.25,9.6
2022-10-15,3,S12,1.37,13.94,1.33
2022-10-15,3,S2,0.64,51.31,6.62
2022-10-15,4,S1,0.63,48.13,7.65
2022-10-15,3,S11,1,8.32,1.57
2022-10-15,4,S3,1,53.06,3.85
2022-10-15,3,S3,0.98,52.93,3.5
2022-10-15,4,S11,0.97,7.77,0.97
2022-10-15,4,S2,0.66,51.88,6.34
2022-10-15,2,S2,0.66,51.76,6.97
2022-10-15,4,S12,1.37,13.3,1.08
2022-10-16,3,S2,0.63,51.23,6.59
2022-10-16,2,S2,0.67,51.3,6.83
2022-10-16,4,S11,0.97,7.76,0.97
2022-10-16,3,S12,1.38,13.86,1.32
2022-10-16,2,S1,0.65,48.48,10.52
2022-10-16,2,S12,1.31,13.4,1.43
2022-10-16,2,S3,1.02,52.82,3.49
2022-10-16,4,S12,1.36,13.27,1.03
2022-10-16,3,S11,1,8.3,1.59
2022-10-16,4,S1,0.64,48.19,7.55
2022-10-16,3,S3,0.98,52.83,3.43
2022-10-16,3,S1,0.64,48.27,9.55
2022-10-16,4,S2,0.66,51.66,6.24
2022-10-16,4,S3,1,53.11,3.94
2022-10-16,2,S11,0.97,8.03,1.79
2022-10-17,4,S1,0.64,48.25,7.75
2022-10-17,2,S3,1.01,53.41,3.52
2022-10-17,2,S2,0.67,51.72,6.8
2022-10-17,3,S3,0.98,52.98,3.35
2022-10-17,2,S12,1.35,13.56,1.44
2022-10-17,4,S11,0.97,7.78,0.99
2022-10-17,4,S3,1,53.13,3.99
2022-10-17,2,S1,0.63,48.44,11.2
2022-10-17,3,S12,1.39,13.98,1.29
2022-10-17,4,S2,0.66,51.64,6.16
2022-10-17,3,S1,0.63,48.37,9.74
2022-10-17,4,S12,1.37,13.27,1.05
2022-10-17,3,S11,0.99,8.3,1.64
2022-10-17,3,S2,0.65,51.45,6.58
2022-10-17,2,S11,0.97,8.14,1.6
2022-10-18,4,S11,0.97,7.81,1.03
2022-10-18,3,S12,1.39,13.91,1.43
2022-10-18,4,S3,1,53.21,3.88
2022-10-18,2,S12,1.29,13.14,1.24
2022-10-18,3,S11,1,8.33,1.69
2022-10-18,4,S1,0.63,48.11,7.47
2022-10-18,4,S12,1.38,13.3,1.08
2022-10-18,2,S2,0.66,52.18,6.97
2022-10-18,2,S11,0.96,8.13,1.9
2022-10-18,2,S3,1.02,53.51,3.43
2022-10-18,4,S2,0.65,51.71,6.09
2022-10-18,3,S3,0.98,52.98,3.66
2022-10-18,3,S2,0.65,51.49,6.71
2022-10-18,3,S1,0.64,48.46,9.91
2022-10-18,2,S1,0.62,48.5,11.05
2022-10-19,4,S11,0.97,7.77,0.97
2022-10-19,3,S2,0.64,51.53,6.57
2022-10-19,3,S12,1.38,13.96,1.38
2022-10-19,3,S3,0.98,53.01,3.58
2022-10-19,4,S3,1,53.07,3.81
2022-10-19,4,S1,0.63,48.23,7.48
2022-10-19,4,S12,1.36,13.27,1.07
2022-10-19,3,S11,0.99,8.33,1.63
2022-10-19,4,S2,0.65,51.69,6.01
2022-10-19,3,S1,0.63,48.35,9.61
2022-10-20,4,S1,0.63,48.15,7.33
2022-10-20,4,S12,1.37,13.26,1.04
2022-10-20,4,S2,0.65,51.73,5.93
2022-10-20,4,S11,0.97,7.78,0.96
2022-10-20,2,S11,0.96,8.2,1.82
2022-10-20,2,S2,0.66,52.35,6.96
2022-10-20,3,S3,0.99,53.08,3.37
2022-10-20,3,S2,0.65,51.54,6.66
2022-10-20,2,S3,1.01,53.2,3.47
2022-10-20,3,S11,1,8.35,1.6
2022-10-20,4,S3,1.01,52.93,3.73
2022-10-20,2,S1,0.63,48.27,10
2022-10-20,3,S12,1.39,14.02,1.32
2022-10-20,3,S1,0.63,48.41,9.81
2022-10-20,2,S12,1.37,13.65,1.58
2022-10-21,4,S12,1.37,13.3,1.04
2022-10-21,4,S11,0.97,7.78,0.91
2022-10-21,3,S1,0.63,48.44,9.56
2022-10-21,3,S2,0.65,51.42,6.5
2022-10-21,3,S3,0.98,52.99,3.43
2022-10-21,4,S1,0.63,48.13,7.27
2022-10-21,4,S2,0.66,51.59,5.72
2022-10-21,4,S3,1,52.91,3.63
2022-10-21,3,S11,1,8.34,1.56
2022-10-21,3,S12,1.39,13.99,1.31
2022-10-22,4,S2,0.66,51.52,5.25
2022-10-22,3,S1,0.63,48.41,9.79
2022-10-22,4,S1,0.63,48.17,6.84
2022-10-22,2,S11,0.96,8.21,1.82
2022-10-22,3,S12,1.39,14.03,1.3
2022-10-22,3,S11,1,8.28,1.68
2022-10-22,4,S12,1.37,13.33,1.03
2022-10-22,3,S2,0.65,51.51,6.43
2022-10-22,2,S1,0.64,48.36,10.36
2022-10-22,4,S11,0.97,7.78,0.9
2022-10-22,2,S12,1.37,13.63,1.55
2022-10-22,4,S3,1,53,3.34
2022-10-22,2,S2,0.67,52.16,6.78
2022-10-22,3,S3,0.98,53.24,3.27
2022-10-22,2,S3,1,53.17,3.33
2022-10-23,2,S12,1.37,13.61,1.56
2022-10-23,3,S11,0.99,8.31,1.66
2022-10-23,4,S2,0.66,51.57,5.65
2022-10-23,2,S3,1.01,53.16,3.53
2022-10-23,2,S1,0.65,48.26,9.6
2022-10-23,2,S2,0.66,51.6,6.82
2022-10-23,4,S3,1,53.05,3.58
2022-10-23,4,S1,0.63,47.96,6.93
2022-10-23,4,S12,1.37,13.22,0.97
2022-10-23,2,S11,0.96,8.19,1.81
2022-10-23,3,S1,0.63,48.39,9.7
2022-10-23,3,S3,0.98,53.09,3.41
2022-10-23,4,S11,0.97,7.76,0.88
2022-10-23,3,S12,1.39,13.99,1.35
2022-10-23,3,S2,0.65,51.43,6.57
2022-10-24,3,S3,0.99,52.74,3.35
2022-10-24,4,S1,0.63,48.1,7.09
2022-10-24,4,S2,0.66,51.67,5.68
2022-10-24,3,S1,0.64,48.4,9.46
2022-10-24,3,S2,0.65,51.57,6.71
2022-10-24,4,S3,1,53.15,3.55
2022-10-25,3,S11,1,8.3,1.64
2022-10-25,2,S12,1.37,13.63,1.57
2022-10-25,2,S2,0.66,51.44,6.91
2022-10-25,3,S1,0.64,48.39,9.58
2022-10-25,3,S3,1,53.21,3.3
2022-10-25,2,S1,0.64,48.06,9.85
2022-10-25,2,S3,1.02,53.37,3.4
2022-10-25,4,S1,0.63,48.15,7.08
2022-10-25,3,S12,1.4,13.96,1.41
2022-10-25,3,S2,0.66,51.53,6.63
2022-10-25,2,S11,0.97,8.11,1.83
2022-10-25,4,S3,1.01,52.9,3.52
2022-10-25,4,S2,0.65,51.66,5.54
2022-10-25,4,S11,0.96,7.76,0.86
2022-10-26,4,S3,1,52.95,3.35
2022-10-26,3,S2,0.65,51.51,6.61
2022-10-26,3,S11,1,8.26,1.72
2022-10-26,3,S1,0.63,48.31,9.96
2022-10-26,4,S2,0.64,51.66,5.47
2022-10-26,4,S1,0.63,48.22,6.94
2022-10-26,3,S3,0.99,53.18,3.37
2022-10-27,4,S2,0.66,51.6,5.61
2022-10-27,3,S12,1.4,13.88,1.33
2022-10-27,4,S3,1,52.83,3.49
2022-10-27,2,S11,0.96,8.11,1.83
2022-10-27,3,S11,1,8.3,1.67
2022-10-27,3,S1,0.63,48.22,9.67
2022-10-27,2,S3,1.02,53.3,3.41
2022-10-27,2,S2,0.66,51.46,6.82
2022-10-27,2,S1,0.63,48.36,10.63
2022-10-27,4,S1,0.63,48.02,6.84
2022-10-27,3,S2,0.64,51.42,6.65
2022-10-27,2,S12,1.37,13.62,1.57
2022-10-28,3,S2,0.64,51.38,6.75
2022-10-28,3,S11,0.99,8.26,1.59
2022-10-28,4,S12,1.38,13.32,0.97
2022-10-28,4,S1,0.63,48.05,6.87
2022-10-28,4,S2,0.66,51.62,5.62
2022-10-28,3,S3,0.97,52.8,3.52
2022-10-28,4,S3,1.01,53.08,3.46
2022-10-28,4,S11,0.97,7.79,1.11
2022-10-28,3,S1,0.63,48.28,9.74
2022-10-28,3,S12,1.38,13.86,1.32
2022-10-29,3,S1,0.63,48.33,9.55
2022-10-29,2,S3,1.01,53.36,3.51
2022-10-29,3,S11,0.99,8.29,1.59
2022-10-29,4,S12,1.36,13.2,0.96
2022-10-29,2,S11,0.97,8.13,1.82
2022-10-29,3,S2,0.64,51.61,6.78
2022-10-29,2,S2,0.66,51.84,6.94
2022-10-29,3,S3,0.97,52.79,3.42
2022-10-29,4,S1,0.64,47.97,6.83
2022-10-29,2,S1,0.64,48.75,10.52
2022-10-29,2,S12,1.36,13.59,1.54
2022-10-29,4,S2,0.66,51.64,5.56
2022-10-29,3,S12,1.38,13.98,1.38
2022-10-29,4,S11,0.97,7.81,1.02
2022-10-30,4,S1,0.63,48.09,6.87
2022-10-30,4,S12,1.37,13.19,0.97
2022-10-30,4,S11,0.98,7.88,1.01
2022-10-30,4,S2,0.65,51.62,5.57
2022-10-30,3,S1,0.63,48.29,9.91
2022-10-30,3,S11,0.99,8.26,1.7
2022-10-30,3,S3,0.97,52.86,3.31
2022-10-30,3,S2,0.64,51.34,6.7
2022-10-31,4,S3,1,53.04,3.38
2022-10-31,3,S11,0.99,8.3,1.67
2022-10-31,4,S12,1.38,13.36,0.97
2022-10-31,4,S1,0.63,48.07,6.74
2022-10-31,2,S11,0.96,8.16,1.84
2022-10-31,3,S3,0.97,53,3.48
2022-10-31,4,S11,0.97,7.82,0.89
2022-10-31,4,S2,0.66,51.49,5.58
2022-10-31,2,S12,1.37,13.66,1.58
2022-10-31,3,S1,0.63,48.4,10.15
2022-10-31,3,S12,1.38,14.02,1.39
2022-10-31,3,S2,0.64,51.28,6.65
2022-10-31,2,S3,1.01,53.36,3.45
2022-10-31,2,S1,0.65,48.82,10.28
2022-10-31,2,S2,0.66,51.6,6.81
2022-11-01,4,S3,1,53.01,3.45
2022-11-01,3,S3,0.98,52.89,3.47
2022-11-01,3,S1,0.63,48.3,9.64
2022-11-01,2,S1,0.63,48.48,9.71
2022-11-01,4,S12,1.36,13.2,0.98
2022-11-01,4,S2,0.66,51.57,5.61
2022-11-01,2,S3,1.02,53.39,3.45
2022-11-01,2,S2,0.66,51.97,6.97
2022-11-01,2,S11,0.97,8.13,1.88
2022-11-01,4,S11,0.97,7.76,0.88
2022-11-01,2,S12,1.36,13.62,1.58
2022-11-01,4,S1,0.63,48.15,6.94
2022-11-01,3,S2,0.64,51.39,6.7
2022-11-02,2,S2,0.67,51.49,7.01
2022-11-02,3,S1,0.63,48.33,9.87
2022-11-02,2,S11,0.97,8.08,1.84
2022-11-02,3,S3,0.97,52.8,3.45
2022-11-02,2,S12,1.36,13.54,1.6
2022-11-02,4,S12,1.36,13.21,0.97
2022-11-02,4,S11,0.96,7.74,0.88
2022-11-02,2,S1,0.64,48.38,10.21
2022-11-02,3,S2,0.64,51.36,6.63
2022-11-02,4,S1,0.63,48.19,6.99
2022-11-02,4,S3,1,52.93,3.53
2022-11-02,4,S2,0.66,51.64,5.59
2022-11-02,2,S3,1.02,53.11,3.52
2022-11-03,3,S2,0.64,51.49,6.64
2022-11-03,2,S1,0.63,48.34,10.16
2022-11-03,2,S12,1.36,13.65,1.61
2022-11-03,2,S2,0.66,51.94,6.72
2022-11-03,2,S3,1.03,53.47,3.54
2022-11-03,4,S2,0.65,51.6,5.59
2022-11-03,2,S11,0.96,8.11,1.81
2022-11-03,4,S3,1,52.95,3.48
2022-11-03,3,S1,0.63,48.2,9.6
2022-11-03,4,S1,0.63,48.12,6.86
2022-11-04,2,S12,1.36,13.65,1.59
2022-11-04,3,S2,0.65,51.45,6.66
2022-11-04,2,S11,0.97,8.12,1.86
2022-11-04,4,S1,0.63,48.12,6.88
2022-11-04,2,S3,1.02,53.16,3.34
2022-11-04,2,S2,0.66,51.82,6.89
2022-11-04,2,S1,0.64,48.31,10.03
2022-11-04,3,S1,0.62,48.3,9.78
2022-11-04,4,S2,0.65,51.56,5.53
2022-11-05,4,S1,0.63,48.04,6.84
2022-11-05,2,S11,0.97,8.14,1.86
2022-11-05,4,S3,1,52.84,3.42
2022-11-05,2,S3,1.01,53.19,3.37
2022-11-05,3,S3,0.97,52.86,3.5
2022-11-05,3,S1,0.63,48.24,9.69
2022-11-05,4,S12,1.36,13.21,0.94
2022-11-05,4,S11,0.97,7.77,0.85
2022-11-05,3,S2,0.64,51.32,6.64
2022-11-05,3,S12,1.38,13.89,1.31
2022-11-05,2,S12,1.37,13.6,1.58
2022-11-05,2,S1,0.64,48.56,10.21
2022-11-05,2,S2,0.66,51.93,6.91
2022-11-05,3,S11,0.99,8.36,1.62
2022-11-05,4,S2,0.65,51.54,5.55
2022-11-06,3,S12,1.38,13.94,1.39
2022-11-06,4,S3,1,52.9,3.33
2022-11-06,2,S1,0.64,48.4,10.15
2022-11-06,3,S11,0.99,8.34,1.68
2022-11-06,3,S2,0.65,51.48,6.81
2022-11-06,2,S11,0.97,8.15,1.81
2022-11-06,2,S3,1.02,53.2,3.48
2022-11-06,3,S3,0.98,52.9,3.4
2022-11-06,4,S12,1.37,13.21,0.95
2022-11-06,4,S11,0.97,7.75,0.87
2022-11-06,2,S12,1.37,13.6,1.52
2022-11-06,3,S1,0.63,48.22,9.73
2022-11-06,2,S2,0.66,51.84,6.97
2022-11-06,4,S1,0.63,48.15,6.9
2022-11-06,4,S2,0.65,51.65,5.53
2022-11-07,3,S3,0.98,52.54,3.48
2022-11-07,4,S3,1,53,3.49
2022-11-07,3,S12,1.39,14.03,1.26
2022-11-07,2,S3,1.03,53.14,3.5
2022-11-07,2,S12,1.39,13.66,1.54
2022-11-07,3,S1,0.63,48.28,9.55
2022-11-07,3,S11,0.99,8.31,1.62
2022-11-07,2,S1,0.64,48.3,10.08
2022-11-07,2,S2,0.67,51.66,6.95
2022-11-07,3,S2,0.64,51.33,6.66
2022-11-07,4,S11,0.97,7.79,0.88
2022-11-07,2,S11,0.98,8.11,1.83
2022-11-07,4,S1,0.63,48.18,6.93
2022-11-07,4,S12,1.37,13.26,0.97
2022-11-07,4,S2,0.65,51.71,5.55
2022-11-08,4,S3,1,52.98,3.4
2022-11-08,3,S2,0.64,51.27,6.59
2022-11-08,3,S12,1.38,13.97,1.3
2022-11-08,3,S1,0.63,48.31,9.65
2022-11-08,3,S3,0.97,52.9,3.53
2022-11-08,3,S11,0.99,8.33,1.57
2022-11-08,4,S12,1.37,13.28,0.95
2022-11-08,4,S1,0.64,48.25,6.95
2022-11-08,4,S11,0.97,7.79,0.88
2022-11-08,4,S2,0.66,51.69,4.66
2022-11-09,4,S1,0.64,48.11,6.78
2022-11-09,3,S1,0.63,48.28,9.72
2022-11-09,4,S3,1,52.98,3.45
2022-11-09,4,S12,1.37,13.28,0.95
2022-11-09,3,S12,1.38,13.95,1.29
2022-11-09,3,S2,0.64,51.24,6.62
2022-11-09,2,S2,0.67,51.56,6.94
2022-11-09,2,S11,0.97,8.02,1.83
2022-11-09,3,S11,0.99,8.32,1.58
2022-11-09,2,S1,0.64,48.16,10.28
2022-11-09,2,S3,1.04,53.12,3.43
2022-11-09,4,S2,0.66,51.59,5.56
2022-11-09,4,S11,0.97,7.75,0.87
2022-11-09,3,S3,0.97,53.08,3.36
2022-11-09,2,S12,1.38,13.49,1.53
2022-11-10,2,S11,0.98,8.08,1.78
2022-11-10,2,S3,1.04,53.1,3.54
2022-11-10,2,S2,0.68,51.47,6.97
2022-11-10,4,S2,0.66,51.56,5.61
2022-11-10,4,S1,0.64,48.16,6.97
2022-11-10,2,S12,1.39,13.56,1.53
2022-11-10,2,S1,0.66,48.17,9.88
2022-11-10,4,S3,1,52.99,3.43
2022-11-10,4,S12,1.37,13.29,0.96
2022-11-10,3,S11,0.99,8.33,1.59
2022-11-10,3,S1,0.63,48.46,10.1
2022-11-10,3,S12,1.38,14,1.29
2022-11-10,4,S11,0.97,7.77,0.89
2022-11-10,3,S2,0.65,51.29,6.58
2022-11-11,2,S12,1.38,13.5,1.52
2022-11-11,3,S1,0.62,48.4,9.9
2022-11-11,2,S1,0.65,48.01,10.12
2022-11-11,2,S3,1.03,53.18,3.49
2022-11-11,2,S11,0.98,8.07,1.78
2022-11-11,3,S3,0.96,53,3.15
2022-11-11,2,S2,0.67,51.59,6.88
2022-11-12,4,S11,0.97,7.78,0.87
2022-11-12,3,S12,1.38,14.04,1.3
2022-11-12,4,S2,0.66,51.57,5.55
2022-11-12,2,S2,0.67,51.55,6.9
2022-11-12,3,S1,0.63,48.1,10.09
2022-11-12,4,S1,0.63,48,6.89
2022-11-12,3,S3,0.97,53.14,3.36
2022-11-12,2,S12,1.39,13.54,1.52
2022-11-12,3,S2,0.64,51.16,6.64
2022-11-12,2,S1,0.65,48.3,10.15
2022-11-12,4,S3,1,52.84,3.46
2022-11-12,2,S11,0.98,8.09,1.78
2022-11-12,2,S3,1.04,53.09,3.57
2022-11-12,4,S12,1.37,13.26,0.93
2022-11-12,3,S11,0.99,8.35,1.58
2022-11-13,4,S3,1,52.96,3.42
2022-11-13,2,S2,0.68,51.62,6.94
2022-11-13,2,S1,0.66,48.49,10.29
2022-11-13,4,S2,0.66,51.6,5.53
2022-11-13,4,S11,0.97,7.74,0.88
2022-11-13,4,S12,1.35,13.22,0.94
2022-11-13,2,S12,1.39,13.56,1.54
2022-11-13,3,S3,0.97,52.99,3.41
2022-11-13,3,S1,0.63,48.19,9.8
2022-11-13,2,S11,0.98,8.1,1.8
2022-11-13,2,S3,1.04,53.36,3.59
2022-11-13,4,S1,0.63,47.98,6.85
2022-11-13,3,S2,0.64,51.17,6.73
2022-11-13,3,S11,1,8.34,1.61
2022-11-13,3,S12,1.39,14,1.29
2022-11-14,3,S2,0.64,51.38,6.66
2022-11-14,4,S11,0.97,7.78,0.88
2022-11-14,3,S3,0.99,52.92,3.12
2022-11-14,4,S2,0.66,51.36,5.58
2022-11-14,4,S1,0.61,47.53,6.78
2022-11-14,3,S1,0.63,48.46,9.83
2022-11-15,4,S11,0.97,7.75,0.86
2022-11-15,3,S1,0.63,48.31,9.81
2022-11-15,2,S1,0.64,48.43,10.27
2022-11-15,3,S11,1,8.3,1.53
2022-11-15,2,S2,0.66,51.82,7
2022-11-15,3,S2,0.65,51.28,6.67
2022-11-15,4,S3,0.92,52.67,3.97
2022-11-15,4,S1,0.63,48.04,6.87
2022-11-15,2,S12,1.38,13.6,1.52
2022-11-15,2,S3,1.02,53.38,3.58
2022-11-15,4,S12,1.37,13.27,0.95
2022-11-15,2,S11,0.97,8.12,1.74
2022-11-15,4,S2,0.65,51.61,5.53
2022-11-15,3,S12,1.39,13.9,1.26
2022-11-16,4,S11,0.96,7.74,0.83
2022-11-16,2,S2,0.66,52.14,6.85
2022-11-16,3,S11,1,8.32,1.54
2022-11-16,3,S2,0.65,51.24,6.61
2022-11-16,2,S11,0.97,8.14,1.78
2022-11-16,3,S12,1.4,13.92,1.28
2022-11-16,4,S1,0.63,48.09,6.77
2022-11-16,4,S12,1.37,13.2,0.95
2022-11-16,2,S1,0.64,48.6,10.32
2022-11-16,3,S1,0.63,48.08,9.52
2022-11-16,2,S12,1.36,13.5,1.5
2022-11-16,2,S3,1,53.32,3.38
2022-11-16,4,S3,1,53.02,3.37
2022-11-16,4,S2,0.65,51.41,5.51
2022-11-16,3,S3,0.98,52.73,3.42
2022-11-17,2,S12,1.35,13.4,1.48
2022-11-17,4,S11,0.97,7.76,0.88
2022-11-17,2,S2,0.67,51.21,6.95
2022-11-17,4,S12,1.37,13.21,0.93
2022-11-17,2,S11,0.96,8,1.83
2022-11-17,3,S11,1,8.34,1.56
2022-11-17,3,S2,0.64,51.39,6.74
2022-11-17,2,S1,0.64,48.3,10.8
2022-11-17,3,S3,0.98,52.63,3.41
2022-11-17,3,S1,0.63,47.88,9.81
2022-11-17,2,S3,1.02,53.14,3.39
2022-11-17,3,S12,1.39,13.94,1.25
2022-11-18,4,S3,1,53.08,3.37
2022-11-18,2,S1,0.64,48.34,10.14
2022-11-18,2,S11,0.97,8.06,1.81
2022-11-18,4,S12,1.37,13.23,0.92
2022-11-18,4,S2,0.66,51.64,5.54
2022-11-18,3,S11,1,8.3,1.56
2022-11-18,3,S12,1.39,13.9,1.25
2022-11-18,3,S1,0.63,48.05,9.88
2022-11-18,3,S2,0.65,51.4,6.65
2022-11-18,2,S12,1.36,13.53,1.53
2022-11-18,4,S1,0.63,48.02,6.91
2022-11-18,2,S2,0.67,51.64,6.91
2022-11-18,4,S11,0.97,7.75,0.88
2022-11-18,2,S3,1.02,53.04,3.49
2022-11-18,3,S3,0.99,53,3.3
2022-11-19,2,S12,1.37,13.64,1.51
2022-11-19,3,S3,0.98,52.89,3.26
2022-11-19,3,S1,0.63,48.26,10.08
2022-11-19,2,S11,0.97,8.12,1.75
2022-11-19,4,S1,0.62,48.07,7.17
2022-11-19,2,S2,0.67,51.42,6.91
2022-11-19,2,S1,0.64,48.41,10.42
2022-11-19,3,S12,1.36,13.86,1.21
2022-11-19,2,S3,1.02,53.21,3.47
2022-11-19,3,S11,0.99,8.29,1.55
2022-11-19,3,S2,0.65,51.33,6.67
2022-11-20,2,S2,0.67,51.46,7
2022-11-20,3,S2,0.64,51.29,6.65
2022-11-20,2,S1,0.64,48.36,10.81
2022-11-20,2,S3,1.01,53.08,3.45
2022-11-20,4,S2,0.66,51.59,5.59
2022-11-20,2,S12,1.34,13.44,1.46
2022-11-20,3,S12,1.38,13.96,1.19
2022-11-20,3,S1,0.63,47.99,9.71
2022-11-20,2,S11,0.97,8.07,1.69
2022-11-20,3,S11,0.99,8.24,1.51
2022-11-20,4,S3,1,52.9,3.35
2022-11-20,4,S1,0.63,47.99,6.9
2022-11-21,3,S12,1.36,13.89,1.2
2022-11-21,4,S2,0.66,51.7,5.67
2022-11-21,3,S11,1,8.31,1.51
2022-11-21,2,S3,1.02,53.52,3.44
2022-11-21,4,S1,0.63,47.92,6.9
2022-11-21,2,S12,1.34,13.48,1.44
2022-11-21,2,S11,0.97,8.13,1.71
2022-11-21,2,S2,0.66,51.79,6.93
2022-11-21,3,S1,0.62,48.06,9.76
2022-11-21,3,S2,0.65,51.34,6.61
2022-11-21,2,S1,0.63,48.22,10.14
2022-11-22,4,S3,1,52.97,3.34
2022-11-22,2,S3,1.01,53.09,3.45
2022-11-22,2,S2,0.66,51.58,6.96
2022-11-22,3,S11,1,8.27,1.44
2022-11-22,4,S12,1.36,13.3,0.91
2022-11-22,4,S11,0.97,7.77,0.81
2022-11-22,4,S1,0.63,47.86,6.77
2022-11-22,3,S12,1.36,13.85,1.23
2022-11-22,4,S2,0.66,51.61,5.54
2022-11-22,2,S1,0.63,48.3,10.87
2022-11-22,2,S11,0.97,8.06,1.73
2022-11-22,2,S12,1.34,13.48,1.48
2022-11-22,3,S1,0.63,48.32,10.08
2022-11-22,3,S2,0.65,51.32,6.55
2022-11-22,3,S3,0.99,52.86,3.25
2022-11-23,2,S2,0.66,51.52,7.02
2022-11-23,2,S1,0.64,48.35,10.6
2022-11-23,4,S11,0.97,7.74,0.82
2022-11-23,2,S11,0.97,8.07,1.69
2022-11-23,3,S2,0.64,51.22,6.61
2022-11-23,2,S12,1.36,13.52,1.48
2022-11-23,4,S1,0.63,48.05,6.95
2022-11-23,4,S3,1,52.93,3.33
2022-11-23,3,S11,1,8.31,1.52
2022-11-23,3,S12,1.38,13.91,1.24
2022-11-23,3,S1,0.63,48.15,9.85
2022-11-23,3,S3,0.98,52.82,3.31
2022-11-23,4,S12,1.34,13.12,0.89
2022-11-23,4,S2,0.65,51.46,5.64
2022-11-23,2,S3,1.01,53.22,3.41
2022-11-24,2,S11,0.97,8.1,1.67
2022-11-24,2,S12,1.36,13.52,1.49
2022-11-24,4,S2,0.65,51.56,5.58
2022-11-24,3,S1,0.63,48.16,10
2022-11-24,3,S12,1.38,13.98,1.23
2022-11-24,4,S1,0.64,48.36,7.11
2022-11-24,3,S11,1,8.31,1.48
2022-11-24,2,S2,0.67,51.55,7.02
2022-11-24,3,S2,0.65,51.33,6.64
2022-11-24,2,S3,1.01,53.12,3.4
2022-11-24,2,S1,0.63,48.29,10.7
2022-11-24,3,S3,0.98,52.92,3.28
2022-11-25,4,S11,0.97,7.74,0.85
2022-11-25,2,S2,0.66,51.68,7.04
2022-11-25,3,S3,0.97,52.81,3.31
2022-11-25,2,S3,1.02,53.24,3.49
2022-11-25,3,S2,0.64,51.28,6.62
2022-11-25,4,S2,0.66,51.58,5.6
2022-11-25,3,S1,0.63,48.12,10.13
2022-11-25,3,S12,1.37,13.89,1.2
2022-11-25,3,S11,1,8.31,1.48
2022-11-25,4,S3,1,52.89,3.37
2022-11-25,4,S12,1.36,13.28,0.93
2022-11-25,4,S1,0.63,48.19,7.07
2022-11-25,2,S1,0.64,48.37,10.19
2022-11-25,2,S12,1.35,13.56,1.47
2022-11-25,2,S11,0.98,8.18,1.68
2022-11-26,4,S2,0.66,51.54,5.53
2022-11-26,3,S2,0.65,51.42,6.55
2022-11-26,2,S1,0.64,48.63,10.38
2022-11-26,2,S11,0.97,8.21,1.7
2022-11-26,4,S1,0.63,48.04,6.99
2022-11-26,2,S3,1.01,53.27,3.45
2022-11-26,2,S12,1.35,13.5,1.46
2022-11-26,2,S2,0.66,51.72,6.91
2022-11-26,3,S1,0.63,48.26,9.85
2022-11-27,2,S2,0.68,51.38,7.05
2022-11-27,3,S11,1,8.33,1.49
2022-11-27,2,S12,1.34,13.33,1.47
2022-11-27,3,S2,0.65,51.46,6.56
2022-11-27,2,S1,0.63,47.88,10.06
2022-11-27,2,S11,0.98,8.08,1.69
2022-11-27,3,S12,1.38,13.93,1.25
2022-11-27,3,S1,0.63,48.22,10.08
2022-11-27,2,S3,1.02,53.05,3.49
2022-11-27,3,S3,0.99,52.94,3.39
2022-11-28,3,S3,0.98,52.95,3.27
2022-11-28,3,S12,1.35,13.84,1.17
2022-11-28,3,S11,1,8.34,1.48
2022-11-28,3,S2,0.64,51.3,6.66
2022-11-28,2,S2,0.66,51.93,7.15
2022-11-28,2,S12,1.33,13.5,1.47
2022-11-28,4,S12,1.34,13.18,0.9
2022-11-28,2,S3,1.01,53.41,3.48
2022-11-28,3,S1,0.63,48.37,10.15
2022-11-28,4,S2,0.66,51.52,5.54
2022-11-28,4,S3,1,52.86,3.43
2022-11-28,2,S11,0.97,8.18,1.75
2022-11-28,4,S11,0.97,7.75,0.84
2022-11-28,2,S1,0.64,48.4,10.46
2022-11-28,4,S1,0.63,48.1,6.88
2022-11-29,2,S12,1.35,13.46,1.5
2022-11-29,4,S2,0.66,51.58,5.52
2022-11-29,3,S11,1,8.29,1.55
2022-11-29,4,S12,1.35,13.26,0.93
2022-11-29,3,S12,1.36,13.88,1.21
2022-11-29,3,S3,0.99,45.35,3.14
2022-11-29,3,S2,0.64,51.16,6.68
2022-11-29,4,S11,0.96,7.73,0.85
2022-11-29,4,S3,1,52.88,3.36
2022-11-29,2,S1,0.63,48.18,10.5
2022-11-29,3,S1,0.63,48.22,10.08
2022-11-29,4,S1,0.63,48.28,7.14
2022-11-29,2,S11,0.97,8.15,1.71
2022-11-29,2,S2,0.66,52,6.95
2022-11-29,2,S3,1.02,53.58,3.5
2022-12-01,3,S12,1.34,13.74,1.27
2022-12-01,3,S11,1,8.33,1.47
2022-12-02,4,S2,0.66,51.39,5.53
2022-12-02,2,S2,0.65,51.78,6.93
2022-12-02,3,S3,0.98,52.91,3.32
2022-12-02,3,S2,0.65,51.05,6.65
2022-12-02,2,S3,1.01,53.53,3.59
2022-12-02,2,S1,0.63,48.6,10.52
2022-12-02,3,S12,1.37,13.9,1.21
2022-12-02,2,S11,0.97,8.11,1.7
2022-12-02,2,S12,1.34,13.36,1.49
2022-12-02,3,S11,1,8.31,1.51
2022-12-02,3,S1,0.63,48.25,10.42
2022-12-02,4,S1,0.63,48.32,7.06
2022-12-02,4,S12,1.36,13.36,0.93
2022-12-02,4,S11,0.97,7.78,0.82
2022-12-02,4,S3,1,52.98,3.48
2022-12-03,2,S2,0.66,51.76,6.95
2022-12-03,4,S2,0.65,51.28,5.53
2022-12-03,3,S11,1,8.36,1.46
2022-12-03,3,S1,0.63,48.29,10.3
2022-12-03,2,S11,0.97,8.13,1.73
2022-12-03,3,S2,0.64,51.1,6.59
2022-12-03,4,S3,1,52.96,3.53
2022-12-03,2,S1,0.63,48.2,10.58
2022-12-03,4,S11,0.97,7.78,0.88
2022-12-03,4,S12,1.36,13.33,0.94
2022-12-03,2,S3,1.02,53.32,3.62
2022-12-03,3,S3,0.98,52.68,3.36
2022-12-03,3,S12,1.37,13.86,1.23
2022-12-03,2,S12,1.34,13.44,1.51
2022-12-03,4,S1,0.63,48.42,7.16
2022-12-05,2,S1,0.64,48.57,10.82
2022-12-05,4,S12,1.36,13.39,0.94
2022-12-05,4,S3,1.01,53.02,3.36
2022-12-05,3,S11,1,8.43,1.45
2022-12-05,3,S2,0.65,51.38,6.63
2022-12-05,3,S3,0.99,53.11,3.24
2022-12-05,4,S11,0.97,7.8,0.83
2022-12-05,2,S12,1.34,13.5,1.5
2022-12-05,4,S1,0.63,48.4,7.2
2022-12-05,2,S2,0.66,51.74,6.88
2022-12-05,3,S12,1.36,13.91,1.23
2022-12-05,2,S3,1.03,53.29,3.42
2022-12-05,4,S2,0.66,51.54,5.53
2022-12-05,2,S11,0.97,8.13,1.69
2022-12-05,3,S1,0.63,48.19,10.25
2022-12-06,4,S3,1,52.79,3.35
2022-12-06,2,S2,0.67,51.69,6.81
2022-12-06,3,S3,0.99,52.87,3.19
2022-12-06,3,S11,0.99,8.39,1.47
2022-12-06,4,S2,0.65,51.47,5.53
2022-12-06,3,S12,1.36,13.88,1.27
2022-12-06,3,S2,0.66,51.32,6.57
2022-12-06,4,S11,0.98,7.86,0.88
2022-12-06,2,S1,0.64,48.83,10.73
2022-12-06,3,S1,0.63,48.31,10.08
2022-12-06,4,S12,1.35,13.24,0.93
2022-12-06,4,S1,0.63,48.4,7.12
2022-12-07,2,S3,1.02,53.4,3.42
2022-12-07,3,S1,0.63,48.16,10.18
2022-12-07,2,S11,0.97,8.12,1.72
2022-12-07,4,S3,1.01,53.03,3.34
2022-12-07,3,S2,0.65,51.48,6.57
2022-12-07,2,S1,0.63,48.75,10.41
2022-12-07,4,S1,0.63,48.1,6.96
2022-12-07,3,S3,0.98,53.05,3.23
2022-12-07,3,S12,1.36,13.91,1.27
2022-12-07,2,S12,1.34,13.57,1.5
2022-12-07,4,S11,0.97,7.8,0.87
2022-12-07,4,S12,1.34,13.2,0.93
2022-12-07,2,S2,0.67,51.84,6.96
2022-12-07,3,S11,1,8.38,1.49
2022-12-07,4,S2,0.66,51.76,5.64
2022-12-09,3,S2,0.66,51.52,6.43
2022-12-09,2,S11,0.97,8.15,1.73
2022-12-09,3,S12,1.37,13.92,1.24
2022-12-09,2,S1,0.63,48.22,10.42
2022-12-09,2,S3,1.02,53.3,3.44
2022-12-09,3,S3,0.99,52.97,3.27
2022-12-09,4,S2,0.66,51.76,5.66
2022-12-09,3,S1,0.63,48.23,9.78
2022-12-09,4,S1,0.62,47.86,7
2022-12-09,4,S11,0.98,7.83,0.89
2022-12-09,2,S12,1.34,13.54,1.49
2022-12-09,2,S2,0.66,51.74,6.97
2022-12-09,4,S3,1.01,53,3.39
2022-12-09,3,S11,1,8.39,1.45
2022-12-09,4,S12,1.36,13.34,0.95
2022-12-12,4,S12,1.34,13.27,0.93
2022-12-12,4,S2,0.66,51.71,5.63
2022-12-12,3,S12,1.38,13.9,1.25
2022-12-12,3,S2,0.65,51.26,6.59
2022-12-12,2,S12,1.34,13.56,1.5
2022-12-12,2,S11,0.98,8.14,1.75
2022-12-12,4,S1,0.62,47.95,6.86
2022-12-12,2,S2,0.67,51.91,6.99
2022-12-12,3,S1,0.63,48.36,10.48
2022-12-12,2,S3,1.02,53.3,3.44
2022-12-12,4,S3,1,53.16,3.39
2022-12-12,3,S3,0.98,52.68,3.33
2022-12-12,3,S11,1.01,8.4,1.48
2022-12-12,4,S11,0.97,7.86,0.88
2022-12-12,2,S1,0.64,48.32,10.43
2022-12-13,4,S3,1,53,3.36
2022-12-13,3,S3,0.99,52.78,3.35
2022-12-13,4,S12,1.35,13.3,0.92
2022-12-13,4,S2,0.66,51.76,5.6
2022-12-13,2,S12,1.34,13.51,1.49
2022-12-13,3,S2,0.64,51.18,6.55
2022-12-13,2,S3,1.02,53.03,3.46
2022-12-13,2,S11,0.98,8.09,1.77
2022-12-13,3,S11,1.01,8.42,1.44
2022-12-13,4,S1,0.63,47.9,6.98
2022-12-13,2,S1,0.65,48.42,10.42
2022-12-13,3,S12,1.38,13.88,1.25
2022-12-13,2,S2,0.67,51.56,7.02
2022-12-13,3,S1,0.63,48.16,10.45
2022-12-13,4,S11,0.97,7.81,0.86
2022-12-14,4,S3,1,52.88,3.33
2022-12-14,2,S3,1.03,52.82,3.42
2022-12-14,2,S12,1.35,13.51,1.51
2022-12-14,4,S12,1.35,13.28,0.91
2022-12-14,4,S1,0.63,48.08,7.04
2022-12-14,4,S2,0.66,51.68,5.57
2022-12-14,2,S1,0.64,48.21,10.42
2022-12-14,2,S11,0.99,8.13,1.78
2022-12-14,2,S2,0.67,51.31,6.95
2022-12-14,4,S11,0.97,7.79,0.85
2022-12-15,4,S1,0.63,48.26,7.19
2022-12-15,2,S12,1.35,13.49,1.5
2022-12-15,2,S3,1.04,53,3.46
2022-12-15,4,S12,1.36,13.26,0.94
2022-12-15,2,S11,0.99,8.06,1.73
2022-12-15,2,S2,0.68,51.45,6.98
2022-12-15,4,S3,1,52.82,3.41
2022-12-15,2,S1,0.65,48.07,10.48
2022-12-15,3,S11,1.01,8.42,1.48
2022-12-15,3,S12,1.36,13.9,1.26
2022-12-15,3,S1,0.63,48.03,10.34
2022-12-15,4,S2,0.66,51.46,5.55
2022-12-15,3,S3,0.98,53.04,3.28
2022-12-15,3,S2,0.65,51.27,6.7
2022-12-15,4,S11,0.98,7.88,0.87
2022-12-16,3,S12,1.39,13.95,1.25
2022-12-16,2,S3,1.03,53.39,3.44
2022-12-16,3,S1,0.63,48.27,10.52
2022-12-16,4,S2,0.66,51.62,5.58
2022-12-16,3,S2,0.65,51.33,6.55
2022-12-16,3,S3,0.98,53.11,3.36
2022-12-16,2,S12,1.35,13.57,1.52
2022-12-16,2,S2,0.68,51.68,6.98
2022-12-16,4,S1,0.63,48.18,7.04
2022-12-16,2,S11,0.98,8.14,1.74
2022-12-16,2,S1,0.64,48.49,10.48
2022-12-16,3,S11,1.01,8.48,1.51
2022-12-16,4,S3,1,53,3.37
2022-12-16,4,S11,0.98,7.86,0.87
2022-12-16,4,S12,1.34,13.23,0.93
2022-12-17,3,S12,1.38,13.87,1.26
2022-12-17,2,S12,1.38,13.57,1.52
2022-12-17,4,S2,0.67,51.66,5.54
2022-12-17,3,S3,0.98,52.92,3.34
2022-12-17,4,S1,0.64,48.37,7.2
2022-12-17,4,S11,0.98,7.92,0.86
2022-12-17,4,S3,1,53.04,3.46
2022-12-17,3,S11,1.01,8.46,1.49
2022-12-17,2,S1,0.65,48.26,10.65
2022-12-17,2,S11,0.98,8.18,1.7
2022-12-17,4,S12,1.37,13.27,0.91
2022-12-17,3,S2,0.65,51.37,6.54
2022-12-17,2,S2,0.68,51.16,6.96
2022-12-17,3,S1,0.63,48.19,10.6
2022-12-17,2,S3,1.03,53.38,3.55
2022-12-19,3,S3,0.96,52.92,3.33
2022-12-19,4,S12,1.36,13.28,0.94
2022-12-19,2,S2,0.66,51.64,6.96
2022-12-19,2,S12,1.34,13.51,1.5
2022-12-19,4,S3,1,52.94,3.42
2022-12-19,3,S11,1,8.41,1.52
2022-12-19,3,S12,1.37,13.85,1.29
2022-12-19,4,S2,0.66,51.62,5.56
2022-12-19,4,S11,0.98,7.88,0.88
2022-12-19,4,S1,0.63,48.2,7.13
2022-12-19,2,S1,0.63,48.04,10.42
2022-12-19,2,S11,0.97,8.1,1.76
2022-12-19,3,S1,0.62,48.16,10.46
2022-12-19,3,S2,0.64,51.03,6.63
2022-12-19,2,S3,1,53.18,3.45
2022-12-20,4,S2,0.66,51.57,5.57
2022-12-20,3,S1,0.62,47.82,10.26
2022-12-20,4,S12,1.36,13.27,0.94
2022-12-20,2,S1,0.65,48.48,10.6
2022-12-20,2,S2,0.67,51.62,6.92
2022-12-20,3,S3,0.97,53.08,3.26
2022-12-20,4,S3,1,53.03,3.37
2022-12-20,3,S12,1.35,13.89,1.23
2022-12-20,3,S11,0.99,8.3,1.54
2022-12-20,4,S11,0.97,7.83,0.81
2022-12-20,4,S1,0.63,48.23,7.02
2022-12-20,2,S11,0.97,8.18,1.72
2022-12-20,3,S2,0.64,51.27,6.41
2022-12-20,2,S3,1.01,53.53,3.48
2022-12-20,2,S12,1.36,13.55,1.51
2022-12-21,2,S3,1.01,52.92,3.44
2022-12-21,4,S3,1,52.96,3.38
2022-12-21,2,S12,1.33,13.56,1.5
2022-12-21,4,S1,0.63,48.34,7.1
2022-12-21,3,S2,0.64,51.04,6.38
2022-12-21,4,S2,0.66,51.48,5.48
2022-12-21,4,S12,1.36,13.29,0.97
2022-12-21,3,S3,0.98,52.91,3.34
2022-12-21,3,S12,1.37,13.94,1.26
2022-12-21,3,S11,0.99,8.36,1.56
2022-12-21,4,S11,0.97,7.82,0.85
2022-12-21,2,S1,0.63,48.17,10.36
2022-12-21,2,S11,0.98,8.12,1.77
2022-12-21,3,S1,0.63,48.24,10.48
2022-12-21,2,S2,0.66,51.53,7.01
2022-12-22,4,S11,0.97,7.82,0.82
2022-12-22,3,S1,0.61,48.08,10.27
2022-12-22,3,S12,1.36,13.85,1.24
2022-12-22,4,S3,1,53,3.35
2022-12-22,3,S11,0.99,8.31,1.52
2022-12-22,4,S1,0.63,48.34,7.05
2022-12-22,3,S2,0.62,51.05,6.45
2022-12-22,4,S12,1.36,13.27,0.96
2022-12-22,2,S11,0.98,8.09,1.72
2022-12-22,2,S3,1.01,53.14,3.49
2022-12-22,4,S2,0.66,51.42,5.45
2022-12-22,3,S3,0.95,52.81,3.26
2022-12-22,2,S1,0.64,48.31,10.58
2022-12-22,2,S12,1.36,13.52,1.52
2022-12-22,2,S2,0.66,51.35,6.98
2022-12-23,3,S3,0.99,52.87,3.24
2022-12-23,3,S1,0.61,48,10.3
2022-12-23,3,S12,1.36,13.88,1.24
2022-12-23,2,S11,0.98,8.1,1.75
2022-12-23,2,S2,0.66,51.8,6.94
2022-12-23,2,S1,0.64,48.32,10.58
2022-12-23,3,S2,0.64,51.21,6.44
2022-12-23,3,S11,0.99,8.33,1.54
2022-12-23,2,S12,1.36,13.48,1.5
2022-12-23,2,S3,1.01,53.05,3.47
2022-12-24,4,S11,0.97,7.81,0.84
2022-12-24,4,S1,0.63,48.18,7.04
2022-12-24,2,S12,1.36,13.47,1.52
2022-12-24,3,S1,0.62,48.04,10.32
2022-12-24,3,S2,0.63,51.22,6.43
2022-12-24,2,S11,0.98,8.14,1.72
2022-12-24,2,S1,0.64,48.3,10.58
2022-12-24,4,S12,1.36,13.25,0.93
2022-12-24,4,S3,1.01,52.96,3.4
2022-12-24,2,S3,1.02,53.16,3.46
2022-12-24,3,S11,0.99,8.32,1.54
2022-12-24,3,S3,0.97,52.98,3.26
2022-12-24,2,S2,0.66,51.57,6.94
2022-12-24,4,S2,0.66,51.51,5.48
2022-12-24,3,S12,1.36,13.89,1.24
2022-12-27,3,S2,0.64,51.33,6.43
2022-12-27,4,S12,1.35,13.27,0.91
2022-12-27,3,S11,0.99,8.33,1.51
2022-12-27,3,S3,0.97,52.84,3.27
2022-12-27,2,S11,0.97,8.12,1.71
2022-12-27,2,S12,1.36,13.5,1.51
2022-12-27,2,S2,0.67,51.4,6.92
2022-12-27,2,S1,0.64,48.07,10.6
2022-12-27,3,S12,1.36,13.88,1.24
2022-12-27,4,S2,0.66,51.73,5.55
2022-12-27,4,S11,0.97,7.76,0.88
2022-12-27,4,S1,0.63,48.14,6.91
2022-12-27,3,S1,0.62,47.88,10.35
2022-12-27,2,S3,1.02,52.96,3.49
2022-12-27,4,S3,1,52.9,3.34
2022-12-28,2,S1,0.64,48.72,10.58
2022-12-28,4,S12,1.35,13.26,0.92
2022-12-28,4,S2,0.66,51.74,5.54
2022-12-28,3,S1,0.61,47.79,10.31
2022-12-28,3,S11,1,8.33,1.54
2022-12-28,2,S12,1.36,13.58,1.52
2022-12-28,2,S3,1.02,53.43,3.5
2022-12-28,3,S12,1.35,13.85,1.22
2022-12-28,4,S1,0.63,48.06,6.88
2022-12-28,4,S3,1,52.95,3.33
2022-12-28,3,S3,0.97,52.94,3.31
2022-12-28,2,S11,0.97,8.18,1.73
2022-12-28,4,S11,0.97,7.78,0.87
2022-12-28,2,S2,0.67,51.94,6.92
2022-12-28,3,S2,0.64,51.22,6.49
2022-12-29,4,S12,1.36,13.25,0.9
2022-12-29,3,S11,0.99,8.32,1.55
2022-12-29,4,S3,1.01,53.04,3.35
2022-12-29,3,S3,0.98,52.84,3.29
2022-12-29,4,S11,0.97,7.85,0.88
2022-12-29,2,S3,1.01,53.61,3.48
2022-12-29,4,S2,0.65,51.56,5.58
2022-12-29,2,S1,0.64,48.52,10.63
2022-12-29,3,S12,1.35,13.81,1.24
2022-12-29,2,S12,1.36,13.59,1.52
2022-12-29,2,S11,0.97,8.19,1.72
2022-12-29,3,S2,0.63,51.25,6.51
2022-12-29,3,S1,0.61,47.94,10.26
2022-12-29,2,S2,0.66,51.69,6.96
2022-12-29,4,S1,0.62,48.06,6.86